txtStim,stimFile,AI_Resp,ExplanationFile,trials.thisRepN,trials.thisTrialN,trials.thisN,trials.thisIndex,trials_2.thisRepN,trials_2.thisTrialN,trials_2.thisN,trials_2.thisIndex,trials_3.thisRepN,trials_3.thisTrialN,trials_3.thisN,trials_3.thisIndex,trials_4.thisRepN,trials_4.thisTrialN,trials_4.thisN,trials_4.thisIndex,Loop_1.thisRepN,Loop_1.thisTrialN,Loop_1.thisN,Loop_1.thisIndex,Loop_2.thisRepN,Loop_2.thisTrialN,Loop_2.thisN,Loop_2.thisIndex,Loop_3.thisRepN,Loop_3.thisTrialN,Loop_3.thisN,Loop_3.thisIndex,Loop_4.thisRepN,Loop_4.thisTrialN,Loop_4.thisN,Loop_4.thisIndex,Intro_Text.started,Intro_Text.stopped,Stim_slider.response,Stim_slider.rt,Stim_slider.started,Stim_slider.stopped,mouse_5.x,mouse_5.y,mouse_5.leftButton,mouse_5.midButton,mouse_5.rightButton,mouse_5.time,mouse_5.clicked_name,mouse_5.started,mouse_5.stopped,Click_to_Continue_5.started,Click_to_Continue_5.stopped,trial_start,Choice_4_Intro_Txt.started,Choice_4_Intro_Txt.stopped,Question_Txt_9.started,Question_Txt_9.stopped,Accept_Deny_Button_9.response,Accept_Deny_Button_9.rt,Accept_Deny_Button_9.started,Accept_Deny_Button_9.stopped,ConfidenceSlider_9.response,ConfidenceSlider_9.rt,ConfidenceSlider_9.started,ConfidenceSlider_9.stopped,Experimental_Images_9.started,Experimental_Images_9.stopped,DenySlider_9.response,DenySlider_9.rt,DenySlider_9.started,DenySlider_9.stopped,mouse_12.x,mouse_12.y,mouse_12.leftButton,mouse_12.midButton,mouse_12.rightButton,mouse_12.time,mouse_12.clicked_name,mouse_12.started,mouse_12.stopped,Click_to_Continue_12.started,Click_to_Continue_12.stopped,trial_end,Q1_Slider.response,Q2_Slider.response,Q3_Slider.response,Q4_Slider.response,Q5_Slider.response,Q6_Slider.response,Q7_Slider.response,Q8_Slider.response,Q9_Slider.response,Q10_Slider.response,Q11_Slider.response,Q12_Slider.response,Q13_Slider.response,Q14_Slider.response,Q15_Slider.response,Q16_Slider.response,Q17_Slider.response,Q18_Slider.response,Q19_Slider.response,Q20_Slider.response,Q21_Slider.response,Q22_Slider.response,Q23_Slider.response,Text_Intro_Txt.started,Text_Intro_Txt.stopped,Question_Txt_5.started,Question_Txt_5.stopped,Accept_Deny_Button_5.response,Accept_Deny_Button_5.rt,Accept_Deny_Button_5.started,Accept_Deny_Button_5.stopped,ConfidenceSlider_5.response,ConfidenceSlider_5.rt,ConfidenceSlider_5.started,ConfidenceSlider_5.stopped,DenySlider_5.response,DenySlider_5.rt,DenySlider_5.started,DenySlider_5.stopped,mouse_8.x,mouse_8.y,mouse_8.leftButton,mouse_8.midButton,mouse_8.rightButton,mouse_8.time,mouse_8.clicked_name,mouse_8.started,mouse_8.stopped,Click_to_Continue_8.started,Click_to_Continue_8.stopped,Conversational_Intro_Txt.started,Conversational_Intro_Txt.stopped,Accept_Deny_Button.response,Accept_Deny_Button.rt,Accept_Deny_Button.started,Accept_Deny_Button.stopped,ConfidenceSlider.response,ConfidenceSlider.rt,ConfidenceSlider.started,ConfidenceSlider.stopped,Experimental_Images.started,Experimental_Images.stopped,DenySlider.response,DenySlider.rt,DenySlider.started,DenySlider.stopped,mouse.x,mouse.y,mouse.leftButton,mouse.midButton,mouse.rightButton,mouse.time,mouse.clicked_name,mouse.started,mouse.stopped,Click_to_Continue.started,Click_to_Continue.stopped,Feature_Intro_Txt.started,Feature_Intro_Txt.stopped,Question_Txt_3.started,Question_Txt_3.stopped,Accept_Deny_Button_3.response,Accept_Deny_Button_3.rt,Accept_Deny_Button_3.started,Accept_Deny_Button_3.stopped,ConfidenceSlider_3.response,ConfidenceSlider_3.rt,ConfidenceSlider_3.started,ConfidenceSlider_3.stopped,Experimental_Images_3.started,Experimental_Images_3.stopped,DenySlider_3.response,DenySlider_3.rt,DenySlider_3.started,DenySlider_3.stopped,Click_to_Continue_6.started,Click_to_Continue_6.stopped,PresstoCont_8.started,PresstoCont_8.stopped,Image_Intro_Txt.started,Image_Intro_Txt.stopped,Question_Txt_4.started,Question_Txt_4.stopped,Accept_Deny_Button_4.response,Accept_Deny_Button_4.rt,Accept_Deny_Button_4.started,Accept_Deny_Button_4.stopped,ConfidenceSlider_4.response,ConfidenceSlider_4.rt,ConfidenceSlider_4.started,ConfidenceSlider_4.stopped,Experimental_Images_4.started,Experimental_Images_4.stopped,DenySlider_4.response,DenySlider_4.rt,DenySlider_4.started,DenySlider_4.stopped,mouse_7.x,mouse_7.y,mouse_7.leftButton,mouse_7.midButton,mouse_7.rightButton,mouse_7.time,mouse_7.clicked_name,mouse_7.started,mouse_7.stopped,Click_to_Continue_7.started,Click_to_Continue_7.stopped,PresstoCont_7.started,PresstoCont_7.stopped,end_Txt.started,end_Txt.stopped,participant,session,date,expName,psychopyVersion,frameRate,
,,,,,,,,,,,,,,,,,,,,,,,,,,,,,,,,,,,,,,,,,,,,,,,,,,,,,,,,,,,,,,,,,,,,,,,,,,,,,,,,,,,,,,,,,,,,,,,,,,,,,,,,,,,,,,,,,,,,,,,,,,,,,,,,,,,,,,,,,,,,,,,,,,,,,,,,,,,,,,,,,,,,,,,,,,,,,,,,,,,,,,,,,,,,,,,,,,,,,,,,,,,,,,,,,,,,,,,,005,001,2022-08-04_10h09.30.679,CSVTrial4,2022.1.3,59.015468536516664,
,,,,,,,,,,,,,,,,,,,,,,,,,,,,,,,,,,,,359.75783749995753,None,4.0,9.31479989993386,359.75783749995753,None,"[0.29444444, 0.5277778]","[0.011111111, -0.44444445]","[1, 1]","[0, 0]","[0, 0]","[9.206571000046097, 10.905920399934985]",['Click_to_Continue_5'],0.011696920148096979,None,,,,,,,,,,,,,,,,,,,,,,,,,,,,,,,,,,,,,,,,,,,,,,,,,,,,,,,,,,,,,,,,,,,,,,,,,,,,,,,,,,,,,,,,,,,,,,,,,,,,,,,,,,,,,,,,,,,,,,,,,,,,,,,,,,,,,,,,,,,,,,,,,,,,,,,,,,,,,,,,,,,,,,005,001,2022-08-04_10h09.30.679,CSVTrial4,2022.1.3,59.015468536516664,
Question 1:,stim/Tp_D_CRN_M_N_pla00010_pla00020_10001.tif,"The AI system has determined that the above image is not authentic. 
Do you accept or deny this claim?",stim/image_based_Tp_D_CRN_M_N_pla00010_pla00020_10001.tif.png,,,,,,,,,,,,,0,0,0,0,,,,,,,,,,,,,,,,,,,,,,,,,,,,,,,,None,None,"Thursday, August 04, 2022 10:10:45",374.0254193999572,384.0713362999959,384.0475257000653,None,1.0,28.370929500088096,384.0475257000653,None,4.0,30.31986369995866,384.0475257000653,None,384.0475257000653,None,3.0,36.53045339998789,384.0475257000653,None,"[-0.57592595, -0.3472222, 0.49907407, 0.55185187]","[-0.10925926, -0.29074073, -0.2037037, -0.4564815]","[1, 1, 1, 1]","[0, 0, 0, 0]","[0, 0, 0, 0]","[18.230955499922857, 20.20845969999209, 26.45152679993771, 27.536599799990654]",['Click_to_Continue_12'],10.03945737995673,None,410.5851634000428,None,"Thursday, August 04, 2022 10:11:22",,,,,,,,,,,,,,,,,,,,,,,,,,,,,,,,,,,,,,,,,,,,,,,,,,,,,,,,,,,,,,,,,,,,,,,,,,,,,,,,,,,,,,,,,,,,,,,,,,,,,,,,,,,,,,,,,,,,,,,,,,,,,,,,,,,,,005,001,2022-08-04_10h09.30.679,CSVTrial4,2022.1.3,59.015468536516664,
Question 2:,stim/Au_art_10017.jpg,"The AI system has determined that the above image is authentic.
Do you accept or deny this claim?",stim/Au_art_10017.jpg,,,,,,,,,,,,,0,1,1,1,,,,,,,,,,,,,,,,,,,,,,,,,,,,,,,,,,"Thursday, August 04, 2022 10:11:22",411.64405220001936,421.69575299997814,421.6657402999699,None,1.0,19.63694050000049,421.6657402999699,None,5.0,21.265647999942303,421.6657402999699,None,421.6657402999699,None,1.0,22.63491649995558,421.6657402999699,None,"[-0.5777778, -0.25555557, 0.29444444, 0.5425926]","[-0.1037037, -0.30277777, -0.19259259, -0.44722223]","[1, 1, 1, 1]","[0, 0, 0, 0]","[0, 0, 0, 0]","[9.477561500039883, 11.13857489998918, 12.491532300016843, 13.570884500048123]",['Click_to_Continue_12'],10.037994679994881,None,434.328937400016,None,"Thursday, August 04, 2022 10:11:46",,,,,,,,,,,,,,,,,,,,,,,,,,,,,,,,,,,,,,,,,,,,,,,,,,,,,,,,,,,,,,,,,,,,,,,,,,,,,,,,,,,,,,,,,,,,,,,,,,,,,,,,,,,,,,,,,,,,,,,,,,,,,,,,,,,,,005,001,2022-08-04_10h09.30.679,CSVTrial4,2022.1.3,59.015468536516664,
Question 3:,stim/Au_art_20063.jpg,"The AI system has determined that the above image is not authentic.
Do you accept or deny this claim?",stim/image_based_Au_art_20063.jpg.png,,,,,,,,,,,,,0,2,2,2,,,,,,,,,,,,,,,,,,,,,,,,,,,,,,,,,,"Thursday, August 04, 2022 10:11:46",435.30361030006316,445.3475715999957,445.3194610000355,None,2.0,19.872832800028846,445.3194610000355,None,5.0,22.969699100009166,445.3194610000355,None,445.3194610000355,None,1.0,24.837520399945788,445.3194610000355,None,"[-0.31851852, -0.25277779, 0.30925927, 0.53518516]","[-0.10555556, -0.29074073, -0.20092593, -0.4462963]","[1, 1, 1, 1]","[0, 0, 0, 0]","[0, 0, 0, 0]","[9.718889300012961, 12.814406899968162, 14.718104099971242, 15.915981899946928]",['Click_to_Continue_12'],10.022919879877008,None,460.1770343000535,None,"Thursday, August 04, 2022 10:12:12",,,,,,,,,,,,,,,,,,,,,,,,,,,,,,,,,,,,,,,,,,,,,,,,,,,,,,,,,,,,,,,,,,,,,,,,,,,,,,,,,,,,,,,,,,,,,,,,,,,,,,,,,,,,,,,,,,,,,,,,,,,,,,,,,,,,,005,001,2022-08-04_10h09.30.679,CSVTrial4,2022.1.3,59.015468536516664,
Question 4:,stim/Tp_D_CRN_S_N_ani10205_ani10206_12417.jpg,"The AI system has determined that the above image is not authentic.
Do you accept or deny this claim?",stim/image_based_Tp_D_CRN_S_N_ani10205_ani10206_12417.jpg.png,,,,,,,,,,,,,0,3,3,3,,,,,,,,,,,,,,,,,,,,,,,,,,,,,,,,,,"Thursday, August 04, 2022 10:12:12",461.2956711000297,471.34315319999587,471.30606530001387,None,1.0,28.559900799999014,471.30606530001387,None,3.0,23.951779900002293,471.30606530001387,None,471.30606530001387,None,1.0,33.96277500002179,471.30606530001387,None,"[-0.32407406, -0.45277777, -0.5787037, 0.30833334, 0.52685183]","[-0.1, -0.28425926, -0.10185185, -0.19444445, -0.44166666]","[1, 1, 1, 1, 1]","[0, 0, 0, 0, 0]","[0, 0, 0, 0, 0]","[11.934187500039116, 13.824643600033596, 18.400748800020665, 23.88463850005064, 25.05094079999253]",['Click_to_Continue_12'],10.023855180013925,None,495.294296600041,None,"Thursday, August 04, 2022 10:12:47",,,,,,,,,,,,,,,,,,,,,,,,,,,,,,,,,,,,,,,,,,,,,,,,,,,,,,,,,,,,,,,,,,,,,,,,,,,,,,,,,,,,,,,,,,,,,,,,,,,,,,,,,,,,,,,,,,,,,,,,,,,,,,,,,,,,,005,001,2022-08-04_10h09.30.679,CSVTrial4,2022.1.3,59.015468536516664,
Question 5:,stim/Tp_D_CRN_S_N_cha10149_cha10148_12225.jpg,"The AI system has determined that the above image is not authentic.
Do you accept or deny this claim?",stim/image_based_Tp_D_CRN_S_N_cha10149_cha10148_12225.jpg.png,,,,,,,,,,,,,0,4,4,4,,,,,,,,,,,,,,,,,,,,,,,,,,,,,,,,,,"Thursday, August 04, 2022 10:12:47",496.40730960003566,506.4427214000607,506.41784050001297,None,1.0,31.961305400007404,506.41784050001297,None,1.0,33.68781530007254,506.41784050001297,None,506.41784050001297,None,3.0,37.30259919993114,506.41784050001297,None,"[-0.5777778, -0.65462965, 0.48425925, 0.5694444]","[-0.094444446, -0.29814816, -0.18611111, -0.44166666]","[1, 1, 1, 1]","[0, 0, 0, 0]","[0, 0, 0, 0]","[21.806634499924257, 23.530068599968217, 27.187723099952564, 28.189077600021847]",['Click_to_Continue_12'],10.017544259899296,None,533.7525413000258,None,"Thursday, August 04, 2022 10:13:25",,,,,,,,,,,,,,,,,,,,,,,,,,,,,,,,,,,,,,,,,,,,,,,,,,,,,,,,,,,,,,,,,,,,,,,,,,,,,,,,,,,,,,,,,,,,,,,,,,,,,,,,,,,,,,,,,,,,,,,,,,,,,,,,,,,,,005,001,2022-08-04_10h09.30.679,CSVTrial4,2022.1.3,59.015468536516664,
Question 6:,stim/Au_art_10107.jpg,"The AI system has determined that the above image is authentic.
Do you accept or deny this claim?",stim/Au_art_10107.jpg,,,,,,,,,,,,,0,5,5,5,,,,,,,,,,,,,,,,,,,,,,,,,,,,,,,,,,"Thursday, August 04, 2022 10:13:25",534.6699199000141,544.7116422000108,544.6848725000164,None,1.0,18.938366399961524,544.6848725000164,None,5.0,21.939367500017397,544.6848725000164,None,544.6848725000164,None,1.0,24.849368499941193,544.6848725000164,None,"[-0.5694444, -0.25092593, 0.28148147, 0.30462962, 0.52685183]","[-0.10092592, -0.30185184, -0.19074073, -0.20185184, -0.44907406]","[1, 1, 1, 1, 1]","[0, 0, 0, 0, 0]","[0, 0, 0, 0, 0]","[8.758684100001119, 11.778363900026307, 13.57260309997946, 14.686630300013348, 15.867124199983664]",['Click_to_Continue_12'],10.02600997989066,None,559.5548647999531,None,"Thursday, August 04, 2022 10:13:51",,,,,,,,,,,,,,,,,,,,,,,,,,,,,,,,,,,,,,,,,,,,,,,,,,,,,,,,,,,,,,,,,,,,,,,,,,,,,,,,,,,,,,,,,,,,,,,,,,,,,,,,,,,,,,,,,,,,,,,,,,,,,,,,,,,,,005,001,2022-08-04_10h09.30.679,CSVTrial4,2022.1.3,59.015468536516664,
Question 7:,stim/Tp_D_CRN_S_N_nat00099_ani00017_10220.tif,"The AI system has determined that the above image is not authentic.
Do you accept or deny this claim?",stim/image_based_Tp_D_CRN_S_N_nat00099_ani00017_10220.tif.png,,,,,,,,,,,,,0,6,6,6,,,,,,,,,,,,,,,,,,,,,,,,,,,,,,,,,,"Thursday, August 04, 2022 10:13:51",560.6033476999728,570.6436790999724,570.6170857000398,None,1.0,34.90896349994,570.6170857000398,None,1.0,36.3090565999737,570.6170857000398,None,570.6170857000398,None,3.0,38.950957700028084,570.6170857000398,None,"[-0.5685185, -0.65462965, 0.4861111, 0.5277778]","[-0.10185185, -0.30555555, -0.19166666, -0.43888888]","[1, 1, 1, 1]","[0, 0, 0, 0]","[0, 0, 0, 0]","[24.7654263000004, 26.190718800062314, 28.809655399993062, 29.90411210001912]",['Click_to_Continue_12'],10.01843756006565,None,599.5961478999816,None,"Thursday, August 04, 2022 10:14:31",,,,,,,,,,,,,,,,,,,,,,,,,,,,,,,,,,,,,,,,,,,,,,,,,,,,,,,,,,,,,,,,,,,,,,,,,,,,,,,,,,,,,,,,,,,,,,,,,,,,,,,,,,,,,,,,,,,,,,,,,,,,,,,,,,,,,005,001,2022-08-04_10h09.30.679,CSVTrial4,2022.1.3,59.015468536516664,
Question 8:,stim/Tp_D_CRN_M_N_nat10157_nat00013_12048.jpg,"The AI system has determined that the above image is authentic.
Do you accept or deny this claim?",stim/Tp_D_CRN_M_N_nat10157_nat00013_12048.jpg,,,,,,,,,,,,,0,7,7,7,,,,,,,,,,,,,,,,,,,,,,,,,,,,,,,,,,"Thursday, August 04, 2022 10:14:31",600.6181576000527,610.6633210000582,610.6395623000572,None,2.0,29.25044249999337,610.6395623000572,None,2.0,30.723578399978578,610.6395623000572,None,610.6395623000572,None,1.0,33.388594900025055,610.6395623000572,None,"[-0.31944445, -0.5462963, 0.31666666, 0.537037]","[-0.106481485, -0.30092594, -0.19166666, -0.44907406]","[1, 1, 1, 1]","[0, 0, 0, 0]","[0, 0, 0, 0]","[19.089208999997936, 20.590300900046714, 23.235535599989817, 24.463641499984078]",['Click_to_Continue_12'],10.032219519955106,None,634.0448527999688,None,"Thursday, August 04, 2022 10:15:06",,,,,,,,,,,,,,,,,,,,,,,,,,,,,,,,,,,,,,,,,,,,,,,,,,,,,,,,,,,,,,,,,,,,,,,,,,,,,,,,,,,,,,,,,,,,,,,,,,,,,,,,,,,,,,,,,,,,,,,,,,,,,,,,,,,,,005,001,2022-08-04_10h09.30.679,CSVTrial4,2022.1.3,59.015468536516664,
Question 9:,stim/Au_art_20073.jpg,"The AI system has determined that the above image is not authentic.
Do you accept or deny this claim?",stim/image_based_Au_art_20073.jpg.png,,,,,,,,,,,,,0,8,8,8,,,,,,,,,,,,,,,,,,,,,,,,,,,,,,,,,,"Thursday, August 04, 2022 10:15:06",635.1581439999864,645.19237840001,645.1650800000643,None,2.0,20.814748299890198,645.1650800000643,None,3.0,21.855876100016758,645.1650800000643,None,645.1650800000643,None,1.0,24.288497399888,645.1650800000643,None,"[-0.33703703, -0.45, 0.29074073, 0.54351854]","[-0.098148145, -0.27962962, -0.18888889, -0.4425926]","[1, 1, 1, 1]","[0, 0, 0, 0]","[0, 0, 0, 0]","[10.644584699999541, 11.715820500045083, 14.183059800066985, 15.356626700027846]",['Click_to_Continue_12'],10.025331879849546,None,659.4849305000389,None,"Thursday, August 04, 2022 10:15:31",,,,,,,,,,,,,,,,,,,,,,,,,,,,,,,,,,,,,,,,,,,,,,,,,,,,,,,,,,,,,,,,,,,,,,,,,,,,,,,,,,,,,,,,,,,,,,,,,,,,,,,,,,,,,,,,,,,,,,,,,,,,,,,,,,,,,005,001,2022-08-04_10h09.30.679,CSVTrial4,2022.1.3,59.015468536516664,
Question 10:,stim/Au_art_20001.jpg,"The AI system has determined that the above image is authentic.
Do you accept or deny this claim?",stim/Au_art_20001.jpg,,,,,,,,,,,,,0,9,9,9,,,,,,,,,,,,,,,,,,,,,,,,,,,,,,,,,,"Thursday, August 04, 2022 10:15:31",660.5928023000015,670.633220299962,670.633220299962,None,1.0,19.88635350007098,670.633220299962,None,5.0,22.058368999976665,670.633220299962,None,670.633220299962,None,1.0,26.626999499974772,670.633220299962,None,"[-0.5740741, -0.25, 0.28796297, 0.2962963, 0.5212963]","[-0.10092592, -0.30092594, -0.19444445, -0.2074074, -0.4601852]","[1, 1, 1, 1, 1]","[0, 0, 0, 0, 0]","[0, 0, 0, 0, 0]","[9.676410599960946, 11.880399000016041, 15.170955199981108, 16.442453900002874, 17.6475629999768]",['Click_to_Continue_12'],10.044869579840451,None,687.262184399995,None,"Thursday, August 04, 2022 10:15:59",,,,,,,,,,,,,,,,,,,,,,,,,,,,,,,,,,,,,,,,,,,,,,,,,,,,,,,,,,,,,,,,,,,,,,,,,,,,,,,,,,,,,,,,,,,,,,,,,,,,,,,,,,,,,,,,,,,,,,,,,,,,,,,,,,,,,005,001,2022-08-04_10h09.30.679,CSVTrial4,2022.1.3,59.015468536516664,
Question 11:,stim/Au_art_30303.jpg,"The AI system has determined that the above image is not authentic.
Do you accept or deny this claim?",stim/image_based_Au_art_30303.jpg.png,,,,,,,,,,,,,0,10,10,10,,,,,,,,,,,,,,,,,,,,,,,,,,,,,,,,,,"Thursday, August 04, 2022 10:15:59",688.3332083000569,698.3705416000448,698.3705416000448,None,2.0,32.86752550001256,698.3705416000448,None,4.0,36.51864399993792,698.3705416000448,None,698.3705416000448,None,1.0,44.66932550002821,698.3705416000448,None,"[-0.32685184, -0.35092592, 0.30555555, 0.5472222]","[-0.1, -0.28796297, -0.19629629, -0.43888888]","[1, 1, 1, 1]","[0, 0, 0, 0]","[0, 0, 0, 0]","[22.691876099910587, 26.339169399929233, 34.53071429999545, 35.43967049999628]",['Click_to_Continue_12'],10.041984459850937,None,733.039324900019,None,"Thursday, August 04, 2022 10:16:45",,,,,,,,,,,,,,,,,,,,,,,,,,,,,,,,,,,,,,,,,,,,,,,,,,,,,,,,,,,,,,,,,,,,,,,,,,,,,,,,,,,,,,,,,,,,,,,,,,,,,,,,,,,,,,,,,,,,,,,,,,,,,,,,,,,,,005,001,2022-08-04_10h09.30.679,CSVTrial4,2022.1.3,59.015468536516664,
Question 12:,stim/Au_ani_10104.jpg,"The AI system has determined that the above image is authentic.
Do you accept or deny this claim?",stim/Au_ani_10104.jpg,,,,,,,,,,,,,0,11,11,11,,,,,,,,,,,,,,,,,,,,,,,,,,,,,,,,,,"Thursday, August 04, 2022 10:16:45",733.8602478000103,743.9105832000496,743.883457900025,None,1.0,16.324180099996738,743.883457900025,None,5.0,18.26615949999541,743.883457900025,None,743.883457900025,None,3.0,22.72863790008705,743.883457900025,None,"[-0.56666666, -0.25, 0.4787037, 0.55185187]","[-0.10092592, -0.29814816, -0.18611111, -0.44444445]","[1, 1, 1, 1]","[0, 0, 0, 0]","[0, 0, 0, 0]","[6.205659999977797, 8.140170700033195, 12.616666399990208, 13.431940600043163]",['Click_to_Continue_12'],10.029387860093266,None,756.629880100023,None,"Thursday, August 04, 2022 10:17:08",,,,,,,,,,,,,,,,,,,,,,,,,,,,,,,,,,,,,,,,,,,,,,,,,,,,,,,,,,,,,,,,,,,,,,,,,,,,,,,,,,,,,,,,,,,,,,,,,,,,,,,,,,,,,,,,,,,,,,,,,,,,,,,,,,,,,005,001,2022-08-04_10h09.30.679,CSVTrial4,2022.1.3,59.015468536516664,
Question 13:,stim/Au_arc_30696.jpg,"The AI system has determined that the above image is authentic.
Do you accept or deny this claim?",stim/Au_arc_30696.jpg,,,,,,,,,,,,,0,12,12,12,,,,,,,,,,,,,,,,,,,,,,,,,,,,,,,,,,"Thursday, August 04, 2022 10:17:08",757.3729367000051,767.4163981999736,767.3867809000658,None,1.0,17.80599839997012,767.3867809000658,None,5.0,19.867120400071144,767.3867809000658,None,767.3867809000658,None,1.0,21.151557100005448,767.3867809000658,None,"[-0.57314813, -0.24814814, 0.29814816, 0.5361111]","[-0.106481485, -0.29074073, -0.19444445, -0.44444445]","[1, 1, 1, 1]","[0, 0, 0, 0]","[0, 0, 0, 0]","[7.617096799891442, 9.71625109994784, 11.03985089994967, 12.191982899908908]",['Click_to_Continue_12'],10.030022579943761,None,778.558390900027,None,"Thursday, August 04, 2022 10:17:30",,,,,,,,,,,,,,,,,,,,,,,,,,,,,,,,,,,,,,,,,,,,,,,,,,,,,,,,,,,,,,,,,,,,,,,,,,,,,,,,,,,,,,,,,,,,,,,,,,,,,,,,,,,,,,,,,,,,,,,,,,,,,,,,,,,,,005,001,2022-08-04_10h09.30.679,CSVTrial4,2022.1.3,59.015468536516664,
Question 14:,stim/Au_arc_30718.jpg,"The AI system has determined that the above image is authentic.
Do you accept or deny this claim?",stim/Au_arc_30718.jpg,,,,,,,,,,,,,0,13,13,13,,,,,,,,,,,,,,,,,,,,,,,,,,,,,,,,,,"Thursday, August 04, 2022 10:17:30",779.6249908000464,789.6499409000389,789.6499409000389,None,1.0,19.45732919999864,789.6499409000389,None,4.0,27.893969499971718,789.6499409000389,None,789.6499409000389,None,1.0,32.693770200014114,789.6499409000389,None,"[-0.56203705, -0.35, 0.29907408, 0.5407407]","[-0.097222224, -0.2935185, -0.19444445, -0.44907406]","[1, 1, 1, 1]","[0, 0, 0, 0]","[0, 0, 0, 0]","[9.267387200030498, 17.764118100050837, 22.576236800057814, 23.70585440006107]",['Click_to_Continue_12'],10.035189860034734,None,812.3519147000043,None,"Thursday, August 04, 2022 10:18:04",,,,,,,,,,,,,,,,,,,,,,,,,,,,,,,,,,,,,,,,,,,,,,,,,,,,,,,,,,,,,,,,,,,,,,,,,,,,,,,,,,,,,,,,,,,,,,,,,,,,,,,,,,,,,,,,,,,,,,,,,,,,,,,,,,,,,005,001,2022-08-04_10h09.30.679,CSVTrial4,2022.1.3,59.015468536516664,
Question 15:,stim/Tp_D_CRN_M_N_arc00073_arc00072_10267.tif,"The AI system has determined that the above image is authentic.
Do you accept or deny this claim?",stim/Tp_D_CRN_M_N_arc00073_arc00072_10267.tif,,,,,,,,,,,,,0,14,14,14,,,,,,,,,,,,,,,,,,,,,,,,,,,,,,,,,,"Thursday, August 04, 2022 10:18:04",813.4045375999995,823.4233864999842,823.4233864999842,None,2.0,17.89348540001083,823.4233864999842,None,3.0,20.0070476999972,823.4233864999842,None,823.4233864999842,None,1.0,21.37866829999257,823.4233864999842,None,"[-0.31666666, -0.44814816, 0.29814816, 0.5324074]","[-0.11388889, -0.29444444, -0.17777778, -0.44907406]","[1, 1, 1, 1]","[0, 0, 0, 0]","[0, 0, 0, 0]","[7.720632300013676, 9.873561599990353, 11.255755699938163, 12.392651099944487]",['Click_to_Continue_12'],10.026690360042267,None,834.8186745999847,None,"Thursday, August 04, 2022 10:18:27",,,,,,,,,,,,,,,,,,,,,,,,,,,,,,,,,,,,,,,,,,,,,,,,,,,,,,,,,,,,,,,,,,,,,,,,,,,,,,,,,,,,,,,,,,,,,,,,,,,,,,,,,,,,,,,,,,,,,,,,,,,,,,,,,,,,,005,001,2022-08-04_10h09.30.679,CSVTrial4,2022.1.3,59.015468536516664,
Question 16:,stim/Tp_D_CRN_M_N_pla00026_pla00038_10147.tif,"The AI system has determined that the above image is not authentic.
Do you accept or deny this claim?",stim/image_based_Tp_D_CRN_M_N_pla00026_pla00038_10147.tif.png,,,,,,,,,,,,,0,15,15,15,,,,,,,,,,,,,,,,,,,,,,,,,,,,,,,,,,"Thursday, August 04, 2022 10:18:27",835.8650153999915,845.8907718999544,845.8907718999544,None,1.0,21.14081030001398,845.8907718999544,None,4.0,23.015186700038612,845.8907718999544,None,845.8907718999544,None,3.0,24.413117700023577,845.8907718999544,None,"[-0.5777778, -0.34907407, 0.49351853, 0.5361111]","[-0.106481485, -0.28796297, -0.18425927, -0.4398148]","[1, 1, 1, 1]","[0, 0, 0, 0]","[0, 0, 0, 0]","[10.966679899953306, 12.844288100022823, 14.257282100035809, 15.295629799948074]",['Click_to_Continue_12'],10.03295295999851,None,860.3176525000017,None,"Thursday, August 04, 2022 10:18:52",,,,,,,,,,,,,,,,,,,,,,,,,,,,,,,,,,,,,,,,,,,,,,,,,,,,,,,,,,,,,,,,,,,,,,,,,,,,,,,,,,,,,,,,,,,,,,,,,,,,,,,,,,,,,,,,,,,,,,,,,,,,,,,,,,,,,005,001,2022-08-04_10h09.30.679,CSVTrial4,2022.1.3,59.015468536516664,
Question 17:,stim/Tp_D_CRN_M_N_txt00017_txt00063_10836.jpg,"The AI system has determined that the above image is not authentic.
Do you accept or deny this claim?",stim/image_based_Tp_D_CRN_M_N_txt00017_txt00063_10836.jpg.png,,,,,,,,,,,,,0,16,16,16,,,,,,,,,,,,,,,,,,,,,,,,,,,,,,,,,,"Thursday, August 04, 2022 10:18:52",861.2310256999917,871.2811182000441,871.2385980000254,None,1.0,19.73642370000016,871.2385980000254,None,1.0,20.542632700060494,871.2385980000254,None,871.2385980000254,None,2.0,22.145969600067474,871.2385980000254,None,"[-0.5648148, -0.6527778, 0.3962963, 0.56203705]","[-0.098148145, -0.28796297, -0.18703704, -0.44814816]","[1, 1, 1, 1]","[0, 0, 0, 0]","[0, 0, 0, 0]","[9.625995800015517, 10.421634100028314, 12.059744699974544, 13.15877380000893]",['Click_to_Continue_12'],10.019780559814535,None,883.4219526000088,None,"Thursday, August 04, 2022 10:19:15",,,,,,,,,,,,,,,,,,,,,,,,,,,,,,,,,,,,,,,,,,,,,,,,,,,,,,,,,,,,,,,,,,,,,,,,,,,,,,,,,,,,,,,,,,,,,,,,,,,,,,,,,,,,,,,,,,,,,,,,,,,,,,,,,,,,,005,001,2022-08-04_10h09.30.679,CSVTrial4,2022.1.3,59.015468536516664,
Question 18:,stim/Au_arc_30720.jpg,"The AI system has determined that the above image is authentic.
Do you accept or deny this claim?",stim/Au_arc_30720.jpg,,,,,,,,,,,,,0,17,17,17,,,,,,,,,,,,,,,,,,,,,,,,,,,,,,,,,,"Thursday, August 04, 2022 10:19:15",884.4606117999647,894.4966006999603,894.4710209000623,None,1.0,18.787334399996325,894.4710209000623,None,4.0,22.037288299994543,894.4710209000623,None,894.4710209000623,None,1.0,23.485819699941203,894.4710209000623,None,"[-0.5648148, -0.3638889, 0.29537037, 0.5138889]","[-0.10925926, -0.29907408, -0.18611111, -0.43425927]","[1, 1, 1, 1]","[0, 0, 0, 0]","[0, 0, 0, 0]","[8.609594499925151, 11.896020299987867, 13.343687199987471, 14.285695499973372]",['Click_to_Continue_12'],10.019886079942808,None,907.990546099958,None,"Thursday, August 04, 2022 10:19:40",,,,,,,,,,,,,,,,,,,,,,,,,,,,,,,,,,,,,,,,,,,,,,,,,,,,,,,,,,,,,,,,,,,,,,,,,,,,,,,,,,,,,,,,,,,,,,,,,,,,,,,,,,,,,,,,,,,,,,,,,,,,,,,,,,,,,005,001,2022-08-04_10h09.30.679,CSVTrial4,2022.1.3,59.015468536516664,
Question 19:,stim/Tp_D_CRN_M_N_nat10154_nat10140_12075.jpg,"The AI system has determined that the above image is authentic.
Do you accept or deny this claim?",stim/Tp_D_CRN_M_N_nat10154_nat10140_12075.jpg,,,,,,,,,,,,,0,18,18,18,,,,,,,,,,,,,,,,,,,,,,,,,,,,,,,,,,"Thursday, August 04, 2022 10:19:40",908.8216264999937,918.8804837999633,918.8518297000555,None,1.0,20.0832831999287,918.8518297000555,None,5.0,20.964990700013004,918.8518297000555,None,918.8518297000555,None,1.0,22.070421399897896,918.8518297000555,None,"[-0.5601852, -0.25833333, 0.29074073, 0.53333336]","[-0.094444446, -0.2898148, -0.18611111, -0.44814816]","[1, 1, 1, 1]","[0, 0, 0, 0]","[0, 0, 0, 0]","[9.928915499942377, 10.82206929998938, 11.937951699947007, 12.968400300014764]",['Click_to_Continue_12'],10.041147880023345,None,930.9263216999825,None,"Thursday, August 04, 2022 10:20:03",,,,,,,,,,,,,,,,,,,,,,,,,,,,,,,,,,,,,,,,,,,,,,,,,,,,,,,,,,,,,,,,,,,,,,,,,,,,,,,,,,,,,,,,,,,,,,,,,,,,,,,,,,,,,,,,,,,,,,,,,,,,,,,,,,,,,005,001,2022-08-04_10h09.30.679,CSVTrial4,2022.1.3,59.015468536516664,
,,,,,,,,,,,,,,,,,,,,,,,,,,,,,,,,,,,,,,,,,,,,,,,,,,,,,,,,,,,,,,,,,,,,,,,,,,,,,,,,,,,,1.0,4.0,3.0,2.0,2.0,2.0,2.0,1.0,2.0,3.0,4.0,3.0,,,,,,,,,,,,,,,,,,,,,,,,,,,,,,,,,,,,,,,,,,,,,,,,,,,,,,,,,,,,,,,,,,,,,,,,,,,,,,,,,,,,,,,,,,,,,,,,,,,,,,,,,,,,,,,,,,,,,,,,,005,001,2022-08-04_10h09.30.679,CSVTrial4,2022.1.3,59.015468536516664,
Question 1:,stim/Au_ani_00027.jpg.png,"The AI system has determined that the above image is authentic. 
Do you accept or deny this claim?",stim/text_based_Au_ani_00027.jpg.png,,,,,,,,,,,,,,,,,0,0,0,0,,,,,,,,,,,,,,,,,,,,,,,,,,,,,,"Thursday, August 04, 2022 10:22:17",,,,,,,,,,,,,,,,,,,,,,,,,,,,,,"Thursday, August 04, 2022 10:23:03",,,,,,,,,,,,,4.0,2.0,1.0,2.0,2.0,1.0,1.0,1.0,1.0,1.0,2.0,1066.6489303000271,1076.6934434999712,1076.6934434999712,None,1.0,38.79314119997434,1076.6934434999712,None,4.0,42.895195199991576,1076.6934434999712,None,3.0,44.11160640011076,1076.6934434999712,None,"[-0.57685184, -0.35277778, 0.49074075, 0.57685184]","[-0.09537037, -0.2898148, -0.20092593, -0.4462963]","[1, 1, 1, 1]","[0, 0, 0, 0]","[0, 0, 0, 0]","[28.611096299951896, 32.7152431999566, 33.93772839999292, 35.863749800017104]",['Click_to_Continue_8'],10.05151483998634,None,1110.7903368000407,None,,,,,,,,,,,,,,,,,,,,,,,,,,,,,,,,,,,,,,,,,,,,,,,,,,,,,,,,,,,,,,,,,,,,,,,,,,,,,,,,,,,005,001,2022-08-04_10h09.30.679,CSVTrial4,2022.1.3,59.015468536516664,
Question 2:,stim/Au_cha_30523.jpg,"The AI system has determined that the above image is not authentic. 
Do you accept or deny this claim?",stim/text_based_Au_cha_30523.jpg.png,,,,,,,,,,,,,,,,,0,1,1,1,,,,,,,,,,,,,,,,,,,,,,,,,,,,,,"Thursday, August 04, 2022 10:23:03",,,,,,,,,,,,,,,,,,,,,,,,,,,,,,"Thursday, August 04, 2022 10:23:43",,,,,,,,,,,,,,,,,,,,,,,,1112.6077325999504,1122.6447850000113,1122.6447850000113,None,2.0,35.03290669992566,1122.6447850000113,None,4.0,36.26454369991552,1122.6447850000113,None,1.0,39.059790599974804,1122.6447850000113,None,"[-0.3074074, -0.31851852, -0.34907407, 0.2888889, 0.29722223, 0.51574075]","[-0.10925926, -0.098148145, -0.29722223, -0.19074073, -0.19722222, -0.4351852]","[1, 1, 1, 1, 1, 1]","[0, 0, 0, 0, 0, 0]","[0, 0, 0, 0, 0, 0]","[24.072522099944763, 24.868878399953246, 26.066434199921787, 28.110613699886017, 28.939776899991557, 29.962214599945582]",['Click_to_Continue_8'],10.044614959857427,None,1151.7047973000444,None,,,,,,,,,,,,,,,,,,,,,,,,,,,,,,,,,,,,,,,,,,,,,,,,,,,,,,,,,,,,,,,,,,,,,,,,,,,,,,,,,,,005,001,2022-08-04_10h09.30.679,CSVTrial4,2022.1.3,59.015468536516664,
Question 3:,stim/Au_ani_00031.jpg.png,"The AI system has determined that the above image is authentic.
Do you accept or deny this claim?",stim/text_based_Au_ani_00031.jpg.png,,,,,,,,,,,,,,,,,0,2,2,2,,,,,,,,,,,,,,,,,,,,,,,,,,,,,,"Thursday, August 04, 2022 10:23:43",,,,,,,,,,,,,,,,,,,,,,,,,,,,,,"Thursday, August 04, 2022 10:24:13",,,,,,,,,,,,,,,,,,,,,,,,1152.6902237000177,1162.7087821000023,1162.7087821000023,None,1.0,20.160858900053427,1162.7087821000023,None,5.0,23.187627600040287,1162.7087821000023,None,1.0,28.701051000040025,1162.7087821000023,None,"[-0.5638889, -0.24814814, 0.3037037, 0.5555556]","[-0.096296296, -0.31111112, -0.18981482, -0.43425927]","[1, 1, 1, 1]","[0, 0, 0, 0]","[0, 0, 0, 0]","[9.994727800018154, 13.072495199972764, 18.60708019998856, 19.380030400003307]",['Click_to_Continue_8'],10.028645099955611,None,1181.4254700000165,None,,,,,,,,,,,,,,,,,,,,,,,,,,,,,,,,,,,,,,,,,,,,,,,,,,,,,,,,,,,,,,,,,,,,,,,,,,,,,,,,,,,005,001,2022-08-04_10h09.30.679,CSVTrial4,2022.1.3,59.015468536516664,
Question 4:,stim/Tp_D_CNN_S_N_cha10172_cha10171_12283.jpg,"The AI system has determined that the above image is not authentic.
Do you accept or deny this claim?",stim/text_based_Tp_D_CNN_S_N_cha10172_cha10171_12283.jpg.png,,,,,,,,,,,,,,,,,0,3,3,3,,,,,,,,,,,,,,,,,,,,,,,,,,,,,,"Thursday, August 04, 2022 10:24:13",,,,,,,,,,,,,,,,,,,,,,,,,,,,,,"Thursday, August 04, 2022 10:24:51",,,,,,,,,,,,,,,,,,,,,,,,1182.167705400032,1192.2084932000143,1192.1770816000644,None,2.0,17.622465900029056,1192.1770816000644,None,4.0,35.60826650005765,1192.1770816000644,None,1.0,37.31443410005886,1192.1770816000644,None,"[-0.32685184, -0.34814814, 0.2935185, 0.5138889]","[-0.098148145, -0.29814816, -0.19722222, -0.43796295]","[1, 1, 1, 1]","[0, 0, 0, 0]","[0, 0, 0, 0]","[7.437382600037381, 25.451688300003298, 27.21132750005927, 28.336463700048625]",['Click_to_Continue_8'],10.020816199830733,None,1219.5182215999812,None,,,,,,,,,,,,,,,,,,,,,,,,,,,,,,,,,,,,,,,,,,,,,,,,,,,,,,,,,,,,,,,,,,,,,,,,,,,,,,,,,,,005,001,2022-08-04_10h09.30.679,CSVTrial4,2022.1.3,59.015468536516664,
Question 5:,stim/Tp_D_CNN_S_N_sec00042_ani00078_10495.tif,"The AI system has determined that the above image is not authentic.
Do you accept or deny this claim?",stim/text_based_Tp_D_CNN_S_N_sec00042_ani00078_10495.tif.png,,,,,,,,,,,,,,,,,0,4,4,4,,,,,,,,,,,,,,,,,,,,,,,,,,,,,,"Thursday, August 04, 2022 10:24:51",,,,,,,,,,,,,,,,,,,,,,,,,,,,,,"Thursday, August 04, 2022 10:25:28",,,,,,,,,,,,,,,,,,,,,,,,1220.5761363999918,1230.60307870002,1230.60307870002,None,2.0,31.037844700040296,1230.60307870002,None,4.0,32.60059619997628,1230.60307870002,None,1.0,35.91643959993962,1230.60307870002,None,"[-0.3212963, -0.3537037, 0.29259259, 0.537037]","[-0.10555556, -0.29722223, -0.18981482, -0.4462963]","[1, 1, 1, 1]","[0, 0, 0, 0]","[0, 0, 0, 0]","[20.904146400047466, 22.432969499961473, 25.779992899973877, 26.829854400013573]",['Click_to_Continue_8'],10.038795579923317,None,1256.5266540000448,None,,,,,,,,,,,,,,,,,,,,,,,,,,,,,,,,,,,,,,,,,,,,,,,,,,,,,,,,,,,,,,,,,,,,,,,,,,,,,,,,,,,005,001,2022-08-04_10h09.30.679,CSVTrial4,2022.1.3,59.015468536516664,
Question 6:,stim/Au_ani_00033.jpg,"The AI system has determined that the above image is authentic.
Do you accept or deny this claim?",stim/text_based_Au_ani_00033.jpg.png,,,,,,,,,,,,,,,,,0,5,5,5,,,,,,,,,,,,,,,,,,,,,,,,,,,,,,"Thursday, August 04, 2022 10:25:28",,,,,,,,,,,,,,,,,,,,,,,,,,,,,,"Thursday, August 04, 2022 10:25:53",,,,,,,,,,,,,,,,,,,,,,,,1257.4801020000596,1267.5193451000378,1267.4933797999984,None,1.0,21.890576499979943,1267.4933797999984,None,5.0,22.76552380004432,1267.4933797999984,None,1.0,23.964979900047183,1267.4933797999984,None,"[-0.5601852, -0.24351852, 0.29074073, 0.537963]","[-0.1, -0.29722223, -0.18888889, -0.43425927]","[1, 1, 1, 1]","[0, 0, 0, 0]","[0, 0, 0, 0]","[11.73786889994517, 12.64754030003678, 13.820425300044008, 14.717540299985558]",['Click_to_Continue_8'],10.022222859901376,None,1281.4820554000326,None,,,,,,,,,,,,,,,,,,,,,,,,,,,,,,,,,,,,,,,,,,,,,,,,,,,,,,,,,,,,,,,,,,,,,,,,,,,,,,,,,,,005,001,2022-08-04_10h09.30.679,CSVTrial4,2022.1.3,59.015468536516664,
Question 7:,stim/Tp_D_CRD_S_N_ind00074_cha00049_00474.tif,"The AI system has determined that the above image is authentic.
Do you accept or deny this claim?",stim/text_based_Tp_D_CRD_S_N_ind00074_cha00049_00474.tif.png,,,,,,,,,,,,,,,,,0,6,6,6,,,,,,,,,,,,,,,,,,,,,,,,,,,,,,"Thursday, August 04, 2022 10:25:53",,,,,,,,,,,,,,,,,,,,,,,,,,,,,,"Thursday, August 04, 2022 10:26:21",,,,,,,,,,,,,,,,,,,,,,,,1282.2644396000542,1292.2897958999965,1292.2897958999965,None,2.0,21.955530599923804,1292.2897958999965,None,3.0,24.385768699925393,1292.2897958999965,None,1.0,26.811860500019975,1292.2897958999965,None,"[-0.32037038, -0.45185184, 0.28148147, 0.3074074, 0.5277778]","[-0.1037037, -0.29722223, -0.18425927, -0.20462963, -0.44074073]","[1, 1, 1, 1, 1]","[0, 0, 0, 0, 0]","[0, 0, 0, 0, 0]","[11.796408499940298, 14.208922000019811, 15.829386599943973, 16.6866417999845, 17.648093099938706]",['Click_to_Continue_8'],10.029209759901278,None,1309.1102805000264,None,,,,,,,,,,,,,,,,,,,,,,,,,,,,,,,,,,,,,,,,,,,,,,,,,,,,,,,,,,,,,,,,,,,,,,,,,,,,,,,,,,,005,001,2022-08-04_10h09.30.679,CSVTrial4,2022.1.3,59.015468536516664,
Question 8:,stim/Au_cha_30677.jpg,"The AI system has determined that the above image is not authentic.
Do you accept or deny this claim?",stim/text_based_Au_cha_30677.jpg.png,,,,,,,,,,,,,,,,,0,7,7,7,,,,,,,,,,,,,,,,,,,,,,,,,,,,,,"Thursday, August 04, 2022 10:26:21",,,,,,,,,,,,,,,,,,,,,,,,,,,,,,"Thursday, August 04, 2022 10:27:02",,,,,,,,,,,,,,,,,,,,,,,,1309.9847343000583,1320.0164589000633,1319.990720700007,None,2.0,38.46548010001425,1319.990720700007,None,2.0,39.365652499953285,1319.990720700007,None,1.0,40.4060446000658,1319.990720700007,None,"[-0.32962963, -0.54907405, 0.29814816, 0.5231481, 0.53333336]","[-0.10092592, -0.29907408, -0.19351852, -0.42314816, -0.43703705]","[1, 1, 1, 1, 1]","[0, 0, 0, 0, 0]","[0, 0, 0, 0, 0]","[28.332105099922046, 29.225816099904478, 30.291728899930604, 31.14641219994519, 31.722577999928035]",['Click_to_Continue_8'],10.015260459971614,None,1350.426574000041,None,,,,,,,,,,,,,,,,,,,,,,,,,,,,,,,,,,,,,,,,,,,,,,,,,,,,,,,,,,,,,,,,,,,,,,,,,,,,,,,,,,,005,001,2022-08-04_10h09.30.679,CSVTrial4,2022.1.3,59.015468536516664,
Question 9:,stim/Tp_D_CRN_M_N_arc00008_nat10122_11773.jpg,"The AI system has determined that the above image is not authentic.
Do you accept or deny this claim?",stim/text_based_Tp_D_CRN_M_N_arc00008_nat10122_11773.jpg.png,,,,,,,,,,,,,,,,,0,8,8,8,,,,,,,,,,,,,,,,,,,,,,,,,,,,,,"Thursday, August 04, 2022 10:27:03",,,,,,,,,,,,,,,,,,,,,,,,,,,,,,"Thursday, August 04, 2022 10:27:24",,,,,,,,,,,,,,,,,,,,,,,,1351.7571535999887,1361.8117218000116,1361.7778962999582,None,2.0,17.951892500044778,1361.7778962999582,None,4.0,19.361618599970825,1361.7778962999582,None,1.0,20.369133100030012,1361.7778962999582,None,"[-0.32407406, -0.3564815, 0.2962963, 0.53981483]","[-0.1037037, -0.2777778, -0.18518518, -0.4398148]","[1, 1, 1, 1]","[0, 0, 0, 0]","[0, 0, 0, 0]","[7.807629799935967, 9.220703999977559, 10.248238799977116, 11.182636999990791]",['Click_to_Continue_8'],10.032956160022877,None,1372.1595484999707,None,,,,,,,,,,,,,,,,,,,,,,,,,,,,,,,,,,,,,,,,,,,,,,,,,,,,,,,,,,,,,,,,,,,,,,,,,,,,,,,,,,,005,001,2022-08-04_10h09.30.679,CSVTrial4,2022.1.3,59.015468536516664,
Question 10:,stim/Tp_D_CRN_M_N_nat00019_nat00028_11048.jpg,"The AI system has determined that the above image is not authentic.
Do you accept or deny this claim?",stim/text_based_Tp_D_CRN_M_N_nat00019_nat00028_11048.jpg.png,,,,,,,,,,,,,,,,,0,9,9,9,,,,,,,,,,,,,,,,,,,,,,,,,,,,,,"Thursday, August 04, 2022 10:27:24",,,,,,,,,,,,,,,,,,,,,,,,,,,,,,"Thursday, August 04, 2022 10:27:52",,,,,,,,,,,,,,,,,,,,,,,,1373.005929499981,1383.028290300048,1383.028290300048,None,2.0,20.878038899973035,1383.028290300048,None,4.0,24.6326719999779,1383.028290300048,None,1.0,26.992845800006762,1383.028290300048,None,"[-0.31851852, -0.35185185, 0.2888889, 0.3, 0.5611111]","[-0.1, -0.30925927, -0.19444445, -0.20462963, -0.45]","[1, 1, 1, 1, 1]","[0, 0, 0, 0, 0]","[0, 0, 0, 0, 0]","[10.67061119992286, 14.512502299970947, 15.709952799952589, 16.875413300003856, 17.706553599913605]",['Click_to_Continue_8'],10.033807859988883,None,1400.0411719999975,None,,,,,,,,,,,,,,,,,,,,,,,,,,,,,,,,,,,,,,,,,,,,,,,,,,,,,,,,,,,,,,,,,,,,,,,,,,,,,,,,,,,005,001,2022-08-04_10h09.30.679,CSVTrial4,2022.1.3,59.015468536516664,
Question 11:,stim/Au_ani_00048.jpg,"The AI system has determined that the above image is authentic.
Do you accept or deny this claim?",stim/text_based_Au_ani_00048.jpg.png,,,,,,,,,,,,,,,,,0,10,10,10,,,,,,,,,,,,,,,,,,,,,,,,,,,,,,"Thursday, August 04, 2022 10:27:52",,,,,,,,,,,,,,,,,,,,,,,,,,,,,,"Thursday, August 04, 2022 10:28:09",,,,,,,,,,,,,,,,,,,,,,,,1400.785154900048,1410.804027599981,1410.804027599981,None,1.0,13.847416499978863,1410.804027599981,None,5.0,15.209358900086954,1410.804027599981,None,3.0,16.3752242999617,1410.804027599981,None,"[-0.5685185, -0.25, 0.49074075, 0.5564815]","[-0.09351852, -0.2962963, -0.18148148, -0.45277777]","[1, 1, 1, 1]","[0, 0, 0, 0]","[0, 0, 0, 0]","[3.6989297999534756, 5.080327400006354, 6.220118699944578, 7.106732000014745]",['Click_to_Continue_8'],10.024894559988752,None,1417.2015636999859,None,,,,,,,,,,,,,,,,,,,,,,,,,,,,,,,,,,,,,,,,,,,,,,,,,,,,,,,,,,,,,,,,,,,,,,,,,,,,,,,,,,,005,001,2022-08-04_10h09.30.679,CSVTrial4,2022.1.3,59.015468536516664,
Question 12:,stim/Tp_D_CRN_M_N_nat00084_nat00086_10073.tif,"The AI system has determined that the above image is not authentic.
Do you accept or deny this claim?",stim/text_based_Tp_D_CRN_M_N_nat00084_nat00086_10073.tif.png,,,,,,,,,,,,,,,,,0,11,11,11,,,,,,,,,,,,,,,,,,,,,,,,,,,,,,"Thursday, August 04, 2022 10:28:09",,,,,,,,,,,,,,,,,,,,,,,,,,,,,,"Thursday, August 04, 2022 10:28:32",,,,,,,,,,,,,,,,,,,,,,,,1417.9607760000508,1427.9968300999608,1427.9968300999608,None,2.0,16.957837499910966,1427.9968300999608,None,3.0,17.691971099935472,1427.9968300999608,None,1.0,21.739276199950837,1427.9968300999608,None,"[-0.32222223, -0.45092592, 0.3037037, 0.53518516]","[-0.10462963, -0.2777778, -0.18981482, -0.425]","[1, 1, 1, 1]","[0, 0, 0, 0]","[0, 0, 0, 0]","[6.829018899938092, 7.581533499993384, 11.602478199987672, 12.931139299995266]",['Click_to_Continue_8'],9.999057059874758,None,1439.734465299989,None,,,,,,,,,,,,,,,,,,,,,,,,,,,,,,,,,,,,,,,,,,,,,,,,,,,,,,,,,,,,,,,,,,,,,,,,,,,,,,,,,,,005,001,2022-08-04_10h09.30.679,CSVTrial4,2022.1.3,59.015468536516664,
Question 13:,stim/Au_ani_00070.jpg,"The AI system has determined that the above image is authentic.
Do you accept or deny this claim?",stim/text_based_Au_ani_00070.jpg.png,,,,,,,,,,,,,,,,,0,12,12,12,,,,,,,,,,,,,,,,,,,,,,,,,,,,,,"Thursday, August 04, 2022 10:28:32",,,,,,,,,,,,,,,,,,,,,,,,,,,,,,"Thursday, August 04, 2022 10:28:51",,,,,,,,,,,,,,,,,,,,,,,,1440.94158470002,1450.9838934000582,1450.9542291000253,None,1.0,15.869265699991956,1450.9542291000253,None,5.0,16.71427999995649,1450.9542291000253,None,3.0,18.39037320006173,1450.9542291000253,None,"[-0.5703704, -0.2611111, 0.49074075, 0.54351854]","[-0.096296296, -0.29259259, -0.18611111, -0.44351852]","[1, 1, 1, 1]","[0, 0, 0, 0]","[0, 0, 0, 0]","[5.696509600034915, 6.569660400040448, 8.239850400015712, 9.437575499992818]",['Click_to_Continue_8'],10.019393659895286,None,1459.3668018999742,None,,,,,,,,,,,,,,,,,,,,,,,,,,,,,,,,,,,,,,,,,,,,,,,,,,,,,,,,,,,,,,,,,,,,,,,,,,,,,,,,,,,005,001,2022-08-04_10h09.30.679,CSVTrial4,2022.1.3,59.015468536516664,
Question 14:,stim/Tp_D_CRN_S_B_pla00041_pla00040_10978.jpg,"The AI system has determined that the above image is not authentic.
Do you accept or deny this claim?",stim/text_based_Tp_D_CRN_S_B_pla00041_pla00040_10978.jpg.png,,,,,,,,,,,,,,,,,0,13,13,13,,,,,,,,,,,,,,,,,,,,,,,,,,,,,,"Thursday, August 04, 2022 10:28:51",,,,,,,,,,,,,,,,,,,,,,,,,,,,,,"Thursday, August 04, 2022 10:29:21",,,,,,,,,,,,,,,,,,,,,,,,1460.4397823000327,1470.484543700004,1470.4582885999698,None,2.0,17.334372199955396,1470.4582885999698,None,4.0,23.420152199920267,1470.4582885999698,None,1.0,28.728102899971418,1470.4582885999698,None,"[-0.32037038, -0.35092592, 0.30462962, 0.5462963]","[-0.1, -0.29537037, -0.2037037, -0.44907406]","[1, 1, 1, 1]","[0, 0, 0, 0]","[0, 0, 0, 0]","[7.204858899931423, 13.278948799939826, 18.556650399928913, 20.20186879998073]",['Click_to_Continue_8'],10.026595259900205,None,1489.206115799956,None,,,,,,,,,,,,,,,,,,,,,,,,,,,,,,,,,,,,,,,,,,,,,,,,,,,,,,,,,,,,,,,,,,,,,,,,,,,,,,,,,,,005,001,2022-08-04_10h09.30.679,CSVTrial4,2022.1.3,59.015468536516664,
Question 15:,stim/Au_ani_00093.jpg,"The AI system has determined that the above image is authentic.
Do you accept or deny this claim?",stim/text_based_Au_ani_00093.jpg.png,,,,,,,,,,,,,,,,,0,14,14,14,,,,,,,,,,,,,,,,,,,,,,,,,,,,,,"Thursday, August 04, 2022 10:29:21",,,,,,,,,,,,,,,,,,,,,,,,,,,,,,"Thursday, August 04, 2022 10:29:49",,,,,,,,,,,,,,,,,,,,,,,,1490.7111375000095,1500.7328953000251,1500.7328953000251,None,1.0,23.383518400019966,1500.7328953000251,None,5.0,24.95732060004957,1500.7328953000251,None,1.0,26.905932800029404,1500.7328953000251,None,"[-0.5675926, -0.25092593, 0.3, 0.51944447]","[-0.10277778, -0.29166666, -0.19537038, -0.43888888]","[1, 1, 1, 1]","[0, 0, 0, 0]","[0, 0, 0, 0]","[13.26468250004109, 14.810358499991708, 16.802869400009513, 17.947133000008762]",['Click_to_Continue_8'],10.027680060011335,None,1517.6556307000574,None,,,,,,,,,,,,,,,,,,,,,,,,,,,,,,,,,,,,,,,,,,,,,,,,,,,,,,,,,,,,,,,,,,,,,,,,,,,,,,,,,,,005,001,2022-08-04_10h09.30.679,CSVTrial4,2022.1.3,59.015468536516664,
Question 16:,stim/Tp_D_CRN_M_N_arc00045_arc00046_10084.tif,"The AI system has determined that the above image is authentic.
Do you accept or deny this claim?",stim/text_based_Tp_D_CRN_M_N_arc00045_arc00046_10084.tif.png,,,,,,,,,,,,,,,,,0,15,15,15,,,,,,,,,,,,,,,,,,,,,,,,,,,,,,"Thursday, August 04, 2022 10:29:49",,,,,,,,,,,,,,,,,,,,,,,,,,,,,,"Thursday, August 04, 2022 10:30:15",,,,,,,,,,,,,,,,,,,,,,,,1518.7255321999546,1528.7740835000295,1528.7348439999623,None,2.0,18.745394599973224,1528.7348439999623,None,5.0,21.85496099991724,1528.7348439999623,None,1.0,23.937346299993806,1528.7348439999623,None,"[-0.32314816, -0.25, 0.29444444, 0.51666665]","[-0.097222224, -0.28333333, -0.20462963, -0.45092592]","[1, 1, 1, 1]","[0, 0, 0, 0]","[0, 0, 0, 0]","[8.566400300012901, 11.697728300001472, 13.822215999942273, 15.7594082999276]",['Click_to_Continue_8'],10.020025359815918,None,1542.7020139000379,None,,,,,,,,,,,,,,,,,,,,,,,,,,,,,,,,,,,,,,,,,,,,,,,,,,,,,,,,,,,,,,,,,,,,,,,,,,,,,,,,,,,005,001,2022-08-04_10h09.30.679,CSVTrial4,2022.1.3,59.015468536516664,
Question 17:,stim/Tp_D_CRN_S_N_ani10120_sec00098_11614.jpg,"The AI system has determined that the above image is not authentic.
Do you accept or deny this claim?",stim/text_based_Tp_D_CRN_S_N_ani10120_sec00098_11614.jpg.png,,,,,,,,,,,,,,,,,0,16,16,16,,,,,,,,,,,,,,,,,,,,,,,,,,,,,,"Thursday, August 04, 2022 10:30:15",,,,,,,,,,,,,,,,,,,,,,,,,,,,,,"Thursday, August 04, 2022 10:30:39",,,,,,,,,,,,,,,,,,,,,,,,1544.5527816000395,1554.5951774000423,1554.5674186999677,None,1.0,17.064564700005576,1554.5674186999677,None,5.0,18.730232700007036,1554.5674186999677,None,3.0,23.336151399998926,1554.5674186999677,None,"[-0.5694444, -0.25555557, 0.49722221, 0.5425926]","[-0.10092592, -0.2888889, -0.19814815, -0.4537037]","[1, 1, 1, 1]","[0, 0, 0, 0]","[0, 0, 0, 0]","[6.852212599944323, 8.604984299978241, 13.193421999923885, 14.120436899946071]",['Click_to_Continue_8'],10.029729679808952,None,1567.9221542000305,None,,,,,,,,,,,,,,,,,,,,,,,,,,,,,,,,,,,,,,,,,,,,,,,,,,,,,,,,,,,,,,,,,,,,,,,,,,,,,,,,,,,005,001,2022-08-04_10h09.30.679,CSVTrial4,2022.1.3,59.015468536516664,
Question 18:,stim/Tp_D_CRN_M_N_pla00035_pla00033_10997.jpg,"The AI system has determined that the above image is authentic.
Do you accept or deny this claim?",stim/text_based_Tp_D_CRN_M_N_pla00035_pla00033_10997.jpg.png,,,,,,,,,,,,,,,,,0,17,17,17,,,,,,,,,,,,,,,,,,,,,,,,,,,,,,"Thursday, August 04, 2022 10:30:39",,,,,,,,,,,,,,,,,,,,,,,,,,,,,,"Thursday, August 04, 2022 10:31:07",,,,,,,,,,,,,,,,,,,,,,,,1568.7500267999712,1578.7679738999577,1578.7679738999577,None,1.0,23.585373000008985,1578.7679738999577,None,2.0,24.581260000006296,1578.7679738999577,None,2.0,26.707847999990918,1578.7679738999577,None,"[-0.5787037, -0.5546296, 0.40462962, 0.52037036]","[-0.106481485, -0.2962963, -0.19166666, -0.45]","[1, 1, 1, 1]","[0, 0, 0, 0]","[0, 0, 0, 0]","[13.394395099952817, 14.398412599926814, 16.579361099982634, 17.38671789993532]",['Click_to_Continue_8'],10.030528480070643,None,1595.4936507999664,None,,,,,,,,,,,,,,,,,,,,,,,,,,,,,,,,,,,,,,,,,,,,,,,,,,,,,,,,,,,,,,,,,,,,,,,,,,,,,,,,,,,005,001,2022-08-04_10h09.30.679,CSVTrial4,2022.1.3,59.015468536516664,
Question 19:,stim/Au_nat_20060.jpg,"The AI system has determined that the above image is not authentic.
Do you accept or deny this claim?",stim/text_based_Au_nat_20060.jpg.png,,,,,,,,,,,,,,,,,0,18,18,18,,,,,,,,,,,,,,,,,,,,,,,,,,,,,,"Thursday, August 04, 2022 10:31:07",,,,,,,,,,,,,,,,,,,,,,,,,,,,,,"Thursday, August 04, 2022 10:31:30",,,,,,,,,,,,,,,,,,,,,,,,1596.2152720000595,1606.2309845000273,1606.2309845000273,None,2.0,16.703485500067472,1606.2309845000273,None,5.0,19.92499690002296,1606.2309845000273,None,1.0,21.808337400085293,1606.2309845000273,None,"[-0.31944445, -0.2574074, 0.28796297, 0.30833334, 0.5388889]","[-0.09907407, -0.28611112, -0.19907407, -0.19629629, -0.45092592]","[1, 1, 1, 1, 1]","[0, 0, 0, 0, 0]","[0, 0, 0, 0, 0]","[6.524167000083253, 9.764699800056405, 10.80197610007599, 11.660874900058843, 12.67795590008609]",['Click_to_Continue_8'],10.029426279943436,None,1618.0558477999875,None,,,,,,,,,,,,,,,,,,,,,,,,,,,,,,,,,,,,,,,,,,,,,,,,,,,,,,,,,,,,,,,,,,,,,,,,,,,,,,,,,,,005,001,2022-08-04_10h09.30.679,CSVTrial4,2022.1.3,59.015468536516664,
,,,,,,,,,,,,,,,,,,,,,,,,,,,,,,,,,,,,,,,,,,,,,,,,,,,,,,,,,,,,,,,,,,,,,,,,,,,,,,,,,,,,1.0,3.0,3.0,4.0,4.0,3.0,3.0,1.0,4.0,4.0,4.0,2.0,,,,,,,,,,,,,,,,,,,,,,,,,,,,,,,,,,,,,,,,,,,,,,,,,,,,,,,,,,,,,,,,,,,,,,,,,,,,,,,,,,,,,,,,,,,,,,,,,,,,,,,,,,,,,,,,,,,,,,,,,005,001,2022-08-04_10h09.30.679,CSVTrial4,2022.1.3,59.015468536516664,
Question 1:,stim/Tp_D_CNN_M_N_ani00023_ani00024_10205.tif,"The AI system has determined that the above image is not authentic. 
Do you accept or deny this claim?",stim/conversational_Tp_D_CNN_M_N_ani00023_ani00024_10205.tif.png,,,,,,,,,,,,,,,,,,,,,0,0,0,0,,,,,,,,,,,,,,,,,,,,,,,,,,10:33:00,,,,,,,,,,,,,,,,,,,,,,,,,,,,,,10:33:32,,,,,,,,,,,,,2.0,1.0,1.0,2.0,1.0,1.0,1.0,1.0,1.0,1.0,1.0,,,,,,,,,,,,,,,,,,,,,,,,,,,,1709.5159928000066,1719.5749871999724,1.0,24.793071400024928,1719.5470985999564,None,4.0,27.274987900047563,1719.5470985999564,None,1719.5470985999564,None,3.0,31.01917070010677,1719.5470985999564,None,"[-0.5787037, -0.35092592, 0.5101852, 0.50185186, 0.51666665]","[-0.094444446, -0.29166666, -0.19444445, -0.21018519, -0.4351852]","[1, 1, 1, 1, 1]","[0, 0, 0, 0, 0]","[0, 0, 0, 0, 0]","[14.589172999956645, 17.087835200014524, 18.72512950003147, 20.859647499979474, 21.801968200015835]",['Click_to_Continue'],10.049494259874336,None,1740.56686120003,None,,,,,,,,,,,,,,,,,,,,,,,,,,,,,,,,,,,,,,,,,,,,,,,,,,,,,,,,005,001,2022-08-04_10h09.30.679,CSVTrial4,2022.1.3,59.015468536516664,
Question 2:,stim/Tp_D_CNN_S_N_art00007_art00008_01197.tif,"The AI system has determined that the above image is not authentic.
Do you accept or deny this claim?",stim/conversational_Tp_D_CNN_S_N_art00007_art00008_01197.tif.png,,,,,,,,,,,,,,,,,,,,,0,1,1,1,,,,,,,,,,,,,,,,,,,,,,,,,,10:33:32,,,,,,,,,,,,,,,,,,,,,,,,,,,,,,10:34:09,,,,,,,,,,,,,,,,,,,,,,,,,,,,,,,,,,,,,,,,,,,,,,,,,,,1741.3966365000233,1751.4461640999652,1.0,26.266893499996513,1751.4172071999637,None,4.0,28.8116325000301,1751.4172071999637,None,1751.4172071999637,None,3.0,34.433221200015396,1751.4172071999637,None,"[-0.58055556, -0.3537037, 0.5101852, 0.49907407, 0.5361111]","[-0.1, -0.29259259, -0.19259259, -0.19722222, -0.43888888]","[1, 1, 1, 1, 1]","[0, 0, 0, 0, 0]","[0, 0, 0, 0, 0]","[16.112926300032996, 18.66657960007433, 23.10134590009693, 24.275290600024164, 27.14307590003591]",['Click_to_Continue'],10.031644659931771,None,1775.8649369999766,None,,,,,,,,,,,,,,,,,,,,,,,,,,,,,,,,,,,,,,,,,,,,,,,,,,,,,,,,005,001,2022-08-04_10h09.30.679,CSVTrial4,2022.1.3,59.015468536516664,
Question 3:,stim/Au_pla_20034.jpg,"The AI system has determined that the above image is not authentic.
Do you accept or deny this claim?",stim/conversational_Au_pla_20034.jpg.png,,,,,,,,,,,,,,,,,,,,,0,2,2,2,,,,,,,,,,,,,,,,,,,,,,,,,,10:34:09,,,,,,,,,,,,,,,,,,,,,,,,,,,,,,10:34:32,,,,,,,,,,,,,,,,,,,,,,,,,,,,,,,,,,,,,,,,,,,,,,,,,,,1778.6181677000131,1788.652961099986,2.0,19.907854999997653,1788.6251597000519,None,4.0,20.910713100107387,1788.6251597000519,None,1788.6251597000519,None,1.0,21.968433999922127,1788.6251597000519,None,"[-0.31574073, -0.34814814, 0.29722223, 0.5425926]","[-0.106481485, -0.29259259, -0.19814815, -0.44814816]","[1, 1, 1, 1]","[0, 0, 0, 0]","[0, 0, 0, 0]","[9.79412219999358, 10.754710600012913, 11.857687600073405, 12.938298600027338]",['Click_to_Continue'],10.023864779970609,None,1800.6214657999808,None,,,,,,,,,,,,,,,,,,,,,,,,,,,,,,,,,,,,,,,,,,,,,,,,,,,,,,,,005,001,2022-08-04_10h09.30.679,CSVTrial4,2022.1.3,59.015468536516664,
Question 4:,stim/Tp_D_CNN_M_B_nat00056_nat00099_11105.jpg,"The AI system has determined that the above image is authentic.
Do you accept or deny this claim?",stim/conversational_Tp_D_CNN_M_B_nat00056_nat00099_11105.jpg.png,,,,,,,,,,,,,,,,,,,,,0,3,3,3,,,,,,,,,,,,,,,,,,,,,,,,,,10:34:32,,,,,,,,,,,,,,,,,,,,,,,,,,,,,,10:35:05,,,,,,,,,,,,,,,,,,,,,,,,,,,,,,,,,,,,,,,,,,,,,,,,,,,1801.6127809999743,1811.6534635999706,2.0,28.068972499924712,1811.6243475000374,None,1.0,30.178864100016654,1811.6243475000374,None,1811.6243475000374,None,1.0,31.62262749997899,1811.6243475000374,None,"[-0.31666666, -0.6537037, 0.3212963, 0.5388889]","[-0.10555556, -0.31388888, -0.18425927, -0.45]","[1, 1, 1, 1]","[0, 0, 0, 0]","[0, 0, 0, 0]","[17.925488599925302, 20.026753699989058, 21.520594600006007, 22.452804300002754]",['Click_to_Continue'],10.019422860001214,None,1833.2683355000336,None,,,,,,,,,,,,,,,,,,,,,,,,,,,,,,,,,,,,,,,,,,,,,,,,,,,,,,,,005,001,2022-08-04_10h09.30.679,CSVTrial4,2022.1.3,59.015468536516664,
Question 5:,stim/Au_ani_10178.jpg.png,"The AI system has determined that the above image is authentic.
Do you accept or deny this claim?",stim/conversational_Au_ani_10178.jpg.png,,,,,,,,,,,,,,,,,,,,,0,4,4,4,,,,,,,,,,,,,,,,,,,,,,,,,,10:35:05,,,,,,,,,,,,,,,,,,,,,,,,,,,,,,10:35:31,,,,,,,,,,,,,,,,,,,,,,,,,,,,,,,,,,,,,,,,,,,,,,,,,,,1834.1386365999933,1844.1680030999705,1.0,19.81425759999547,1844.1680030999705,None,4.0,23.600928899948485,1844.1680030999705,None,1844.1680030999705,None,1.0,25.65491570008453,1844.1680030999705,None,"[-0.56574076, -0.3472222, 0.30925927, 0.5555556]","[-0.097222224, -0.30092594, -0.19907407, -0.44907406]","[1, 1, 1, 1]","[0, 0, 0, 0]","[0, 0, 0, 0]","[9.66100910003297, 13.429088899982162, 15.473079800023697, 16.39225109992549]",['Click_to_Continue'],10.042561480076984,None,1859.8273767000064,None,,,,,,,,,,,,,,,,,,,,,,,,,,,,,,,,,,,,,,,,,,,,,,,,,,,,,,,,005,001,2022-08-04_10h09.30.679,CSVTrial4,2022.1.3,59.015468536516664,
Question 6:,stim/Tp_D_CNN_S_N_nat00095_ani00017_10219.tif,"The AI system has determined that the above image is not authentic.
Do you accept or deny this claim?",stim/conversational_Tp_D_CNN_S_N_nat00095_ani00017_10219.tif.png,,,,,,,,,,,,,,,,,,,,,0,5,5,5,,,,,,,,,,,,,,,,,,,,,,,,,,10:35:31,,,,,,,,,,,,,,,,,,,,,,,,,,,,,,10:36:02,,,,,,,,,,,,,,,,,,,,,,,,,,,,,,,,,,,,,,,,,,,,,,,,,,,1860.6095870999852,1870.6539411999984,1.0,23.986416700063273,1870.6244215000188,None,3.0,27.275369699927978,1870.6244215000188,None,1870.6244215000188,None,3.0,29.843248500023037,1870.6244215000188,None,"[-0.58055556, -0.44722223, 0.49907407, 0.525]","[-0.097222224, -0.29259259, -0.19814815, -0.44537038]","[1, 1, 1, 1]","[0, 0, 0, 0]","[0, 0, 0, 0]","[13.837450599996373, 17.11525199993048, 19.72365970001556, 20.65642320003826]",['Click_to_Continue'],10.022382259834558,None,1890.4875321000582,None,,,,,,,,,,,,,,,,,,,,,,,,,,,,,,,,,,,,,,,,,,,,,,,,,,,,,,,,005,001,2022-08-04_10h09.30.679,CSVTrial4,2022.1.3,59.015468536516664,
Question 7: ,stim/Au_nat_30517.jpg,"The AI system has determined that the above image is not authentic.
Do you accept or deny this claim?",stim/conversational_Au_nat_30517.jpg.png,,,,,,,,,,,,,,,,,,,,,0,6,6,6,,,,,,,,,,,,,,,,,,,,,,,,,,10:36:02,,,,,,,,,,,,,,,,,,,,,,,,,,,,,,10:36:39,,,,,,,,,,,,,,,,,,,,,,,,,,,,,,,,,,,,,,,,,,,,,,,,,,,1891.3293810000177,1901.361851900001,2.0,34.2603233999107,1901.361851900001,None,1.0,35.23540280002635,1901.361851900001,None,1901.361851900001,None,1.0,36.418295499985106,1901.361851900001,None,"[-0.32962963, -0.65462965, 0.29444444, 0.51574075]","[-0.09907407, -0.2888889, -0.20277777, -0.44074073]","[1, 1, 1, 1]","[0, 0, 0, 0]","[0, 0, 0, 0]","[24.121973000001162, 25.133898100000806, 26.3122228999855, 27.36012710002251]",['Click_to_Continue'],9.999419859959744,None,1927.7857543999562,None,,,,,,,,,,,,,,,,,,,,,,,,,,,,,,,,,,,,,,,,,,,,,,,,,,,,,,,,005,001,2022-08-04_10h09.30.679,CSVTrial4,2022.1.3,59.015468536516664,
Question 8:,stim/Tp_D_CRD_M_N_nat00048_nat00049_11067.jpg,"The AI system has determined that the above image is not authentic.
Do you accept or deny this claim?",stim/conversational_Tp_D_CRD_M_N_nat00048_nat00049_11067.jpg.png,,,,,,,,,,,,,,,,,,,,,0,7,7,7,,,,,,,,,,,,,,,,,,,,,,,,,,10:36:39,,,,,,,,,,,,,,,,,,,,,,,,,,,,,,10:37:08,,,,,,,,,,,,,,,,,,,,,,,,,,,,,,,,,,,,,,,,,,,,,,,,,,,1928.7487216000445,1938.7810114000458,1.0,24.425645500072278,1938.7810114000458,None,3.0,25.469119900022633,1938.7810114000458,None,1938.7810114000458,None,3.0,27.547591300099157,1938.7810114000458,None,"[-0.5685185, -0.45, 0.4611111, 0.5638889]","[-0.10092592, -0.2824074, -0.18981482, -0.45185184]","[1, 1, 1, 1]","[0, 0, 0, 0]","[0, 0, 0, 0]","[14.242650700034574, 15.29559330001939, 17.42263190005906, 18.874124700087123]",['Click_to_Continue'],10.036190959974192,None,1956.330981599982,None,,,,,,,,,,,,,,,,,,,,,,,,,,,,,,,,,,,,,,,,,,,,,,,,,,,,,,,,005,001,2022-08-04_10h09.30.679,CSVTrial4,2022.1.3,59.015468536516664,
Question 9:,stim/Au_arc_30794.jpg,"The AI system has determined that the above image is authentic.
Do you accept or deny this claim?",stim/conversational_Au_arc_30794.jpg.png,,,,,,,,,,,,,,,,,,,,,0,8,8,8,,,,,,,,,,,,,,,,,,,,,,,,,,10:37:08,,,,,,,,,,,,,,,,,,,,,,,,,,,,,,10:37:38,,,,,,,,,,,,,,,,,,,,,,,,,,,,,,,,,,,,,,,,,,,,,,,,,,,1957.7044917000458,1967.752494400018,1.0,22.091442700009793,1967.723233000026,None,4.0,26.710823299945332,1967.723233000026,None,1967.723233000026,None,1.0,28.67809619999025,1967.723233000026,None,"[-0.5861111, -0.2361111, -0.35185185, 0.30648148, 0.5212963]","[-0.09537037, -0.29074073, -0.2898148, -0.18611111, -0.4462963]","[1, 1, 1, 1, 1]","[0, 0, 0, 0, 0]","[0, 0, 0, 0, 0]","[11.953992099966854, 15.118331799982116, 16.57404380000662, 18.546742200036533, 19.57078619999811]",['Click_to_Continue'],10.025614960002713,None,1986.418580000056,None,,,,,,,,,,,,,,,,,,,,,,,,,,,,,,,,,,,,,,,,,,,,,,,,,,,,,,,,005,001,2022-08-04_10h09.30.679,CSVTrial4,2022.1.3,59.015468536516664,
Question 10:,stim/Au_nat_30352.jpg,"The AI system has determined that the above image is not authentic.
Do you accept or deny this claim?",stim/conversational_Au_nat_30352.jpg.png,,,,,,,,,,,,,,,,,,,,,0,9,9,9,,,,,,,,,,,,,,,,,,,,,,,,,,10:37:38,,,,,,,,,,,,,,,,,,,,,,,,,,,,,,10:38:12,,,,,,,,,,,,,,,,,,,,,,,,,,,,,,,,,,,,,,,,,,,,,,,,,,,1987.3425322000403,1997.3831342000049,1.0,25.3425538999727,1997.355102700065,None,3.0,28.168942600023,1997.355102700065,None,1997.355102700065,None,2.0,33.053440999938175,1997.355102700065,None,"[-0.575, -0.44537038, 0.39537036, 0.5138889]","[-0.097222224, -0.30277777, -0.18888889, -0.44537038]","[1, 1, 1, 1]","[0, 0, 0, 0]","[0, 0, 0, 0]","[15.230256199953146, 18.01822829991579, 22.945107899955474, 23.772082099923864]",['Click_to_Continue'],10.02043795993086,None,2020.4276857000077,None,,,,,,,,,,,,,,,,,,,,,,,,,,,,,,,,,,,,,,,,,,,,,,,,,,,,,,,,005,001,2022-08-04_10h09.30.679,CSVTrial4,2022.1.3,59.015468536516664,
Question 12:,stim/Au_arc_30827.jpg.png,"The AI system has determined that the above image is authentic.
Do you accept or deny this claim?",stim/conversational_Au_arc_30827.jpg.png,,,,,,,,,,,,,,,,,,,,,0,10,10,10,,,,,,,,,,,,,,,,,,,,,,,,,,10:38:12,,,,,,,,,,,,,,,,,,,,,,,,,,,,,,10:38:37,,,,,,,,,,,,,,,,,,,,,,,,,,,,,,,,,,,,,,,,,,,,,,,,,,,2021.1799127999693,2031.2042677999707,2.0,21.168376500019804,2031.2042677999707,None,3.0,22.70707419991959,2031.2042677999707,None,2031.2042677999707,None,1.0,24.585319800069556,2031.2042677999707,None,"[-0.33425927, -0.45462963, 0.2777778, 0.29814816, 0.51296294]","[-0.11203704, -0.29537037, -0.17685185, -0.19722222, -0.42685184]","[1, 1, 1, 1, 1]","[0, 0, 0, 0, 0]","[0, 0, 0, 0, 0]","[11.008505000034347, 12.579973899992183, 13.996139299939387, 14.494605400017463, 15.301895000040531]",['Click_to_Continue'],10.027795559959486,None,2045.8003151000012,None,,,,,,,,,,,,,,,,,,,,,,,,,,,,,,,,,,,,,,,,,,,,,,,,,,,,,,,,005,001,2022-08-04_10h09.30.679,CSVTrial4,2022.1.3,59.015468536516664,
Question 13:,stim/Au_art_10012.jpg,"The AI system has determined that the above image is authentic.
Do you accept or deny this claim?",stim/conversational_Au_art_10012.jpg.png,,,,,,,,,,,,,,,,,,,,,0,11,11,11,,,,,,,,,,,,,,,,,,,,,,,,,,10:38:37,,,,,,,,,,,,,,,,,,,,,,,,,,,,,,10:39:01,,,,,,,,,,,,,,,,,,,,,,,,,,,,,,,,,,,,,,,,,,,,,,,,,,,2046.5654013999738,2056.6038825999713,1.0,17.772070600069128,2056.5747259999625,None,5.0,21.670538900070824,2056.5747259999625,None,2056.5747259999625,None,1.0,22.92810930009,2056.5747259999625,None,"[-0.5685185, -0.2462963, 0.32222223, 0.5388889]","[-0.094444446, -0.30277777, -0.18703704, -0.44166666]","[1, 1, 1, 1]","[0, 0, 0, 0]","[0, 0, 0, 0]","[7.60880490008276, 11.51807660004124, 12.818796200095676, 13.701164800091647]",['Click_to_Continue'],10.02488167991396,None,2069.5317807999672,None,,,,,,,,,,,,,,,,,,,,,,,,,,,,,,,,,,,,,,,,,,,,,,,,,,,,,,,,005,001,2022-08-04_10h09.30.679,CSVTrial4,2022.1.3,59.015468536516664,
Question 14:,stim/Tp_D_CRN_M_B_nat10165_nat10164_12100.jpg,"The AI system has determined that the above image is not authentic.
Do you accept or deny this claim?",stim/conversational_Tp_D_CRN_M_B_nat10165_nat10164_12100.jpg.png,,,,,,,,,,,,,,,,,,,,,0,12,12,12,,,,,,,,,,,,,,,,,,,,,,,,,,10:39:01,,,,,,,,,,,,,,,,,,,,,,,,,,,,,,10:39:22,,,,,,,,,,,,,,,,,,,,,,,,,,,,,,,,,,,,,,,,,,,,,,,,,,,2070.325349700055,2080.3502364000306,2.0,17.51442749996204,2080.3502364000306,None,5.0,18.606826899922453,2080.3502364000306,None,2080.3502364000306,None,1.0,20.41298469994217,2080.3502364000306,None,"[-0.32222223, -0.24907407, 0.2888889, 0.3037037, 0.5277778]","[-0.09259259, -0.2962963, -0.2074074, -0.19907407, -0.43703705]","[1, 1, 1, 1, 1]","[0, 0, 0, 0, 0]","[0, 0, 0, 0, 0]","[7.365254000062123, 8.474414200056344, 9.545522800064646, 10.291520700091496, 11.04886910005007]",['Click_to_Continue'],10.031413659919053,None,2090.7735703999642,None,,,,,,,,,,,,,,,,,,,,,,,,,,,,,,,,,,,,,,,,,,,,,,,,,,,,,,,,005,001,2022-08-04_10h09.30.679,CSVTrial4,2022.1.3,59.015468536516664,
Question 15:,stim/Tp_D_CRN_M_N_art10115_cha00086_11526.jpg,"The AI system has determined that the above image is authentic.
Do you accept or deny this claim?",stim/conversational_Tp_D_CRN_M_N_art10115_cha00086_11526.jpg.png,,,,,,,,,,,,,,,,,,,,,0,13,13,13,,,,,,,,,,,,,,,,,,,,,,,,,,10:39:22,,,,,,,,,,,,,,,,,,,,,,,,,,,,,,10:39:51,,,,,,,,,,,,,,,,,,,,,,,,,,,,,,,,,,,,,,,,,,,,,,,,,,,2091.4505800000625,2101.5081906999694,2.0,23.97046290000435,2101.4822344999993,None,4.0,25.852625599945895,2101.4822344999993,None,2101.4822344999993,None,1.0,27.852092200075276,2101.4822344999993,None,"[-0.32407406, -0.34814814, 0.28611112, 0.29722223, 0.537037]","[-0.106481485, -0.2935185, -0.19907407, -0.19814815, -0.4324074]","[1, 1, 1, 1, 1]","[0, 0, 0, 0, 0]","[0, 0, 0, 0, 0]","[13.790399399935268, 15.68466939998325, 16.783784699975513, 17.716717200004496, 18.758932700031437]",['Click_to_Continue'],10.037974159815349,None,2119.3427669999655,None,,,,,,,,,,,,,,,,,,,,,,,,,,,,,,,,,,,,,,,,,,,,,,,,,,,,,,,,005,001,2022-08-04_10h09.30.679,CSVTrial4,2022.1.3,59.015468536516664,
Question 16:,stim/Tp_D_CRN_M_N_nat10154_nat10138_12076.jpg,"The AI system has determined that the above image is not authentic.
Do you accept or deny this claim?",stim/conversational_Tp_D_CRN_M_N_nat10154_nat10138_12076.jpg.png,,,,,,,,,,,,,,,,,,,,,0,14,14,14,,,,,,,,,,,,,,,,,,,,,,,,,,10:39:51,,,,,,,,,,,,,,,,,,,,,,,,,,,,,,10:40:21,,,,,,,,,,,,,,,,,,,,,,,,,,,,,,,,,,,,,,,,,,,,,,,,,,,2120.3159865000052,2130.3398755999515,2.0,26.80255110003054,2130.313629399985,None,4.0,27.53766159992665,2130.313629399985,None,2130.313629399985,None,1.0,28.861021999968216,2130.313629399985,None,"[-0.30925927, -0.3314815, -0.3564815, 0.29166666, 0.5361111]","[-0.10277778, -0.10555556, -0.28611112, -0.19537038, -0.45185184]","[1, 1, 1, 1, 1]","[0, 0, 0, 0, 0]","[0, 0, 0, 0, 0]","[15.057398400036618, 16.624917899956927, 17.416232999996282, 18.765795100014657, 19.768658000044525]",['Click_to_Continue'],10.016782300081104,None,2149.21400919999,None,,,,,,,,,,,,,,,,,,,,,,,,,,,,,,,,,,,,,,,,,,,,,,,,,,,,,,,,005,001,2022-08-04_10h09.30.679,CSVTrial4,2022.1.3,59.015468536516664,
Question 17: ,stim/Au_art_20005.jpg,"The AI system has determined that the above image is authentic.
Do you accept or deny this claim?",stim/conversational_Au_art_20005.jpg.png,,,,,,,,,,,,,,,,,,,,,0,15,15,15,,,,,,,,,,,,,,,,,,,,,,,,,,10:40:21,,,,,,,,,,,,,,,,,,,,,,,,,,,,,,10:40:41,,,,,,,,,,,,,,,,,,,,,,,,,,,,,,,,,,,,,,,,,,,,,,,,,,,2150.1582759000594,2160.1904905999545,1.0,16.279809199972078,2160.164232400013,None,5.0,18.028072600020096,2160.164232400013,None,2160.164232400013,None,1.0,19.86486520001199,2160.164232400013,None,"[-0.5638889, -0.25185186, 0.28611112, 0.3, 0.5212963]","[-0.096296296, -0.29444444, -0.19907407, -0.20185184, -0.43888888]","[1, 1, 1, 1, 1]","[0, 0, 0, 0, 0]","[0, 0, 0, 0, 0]","[6.139978199964389, 7.88323469995521, 9.106151799904183, 9.745069699943997, 10.53821289993357]",['Click_to_Continue'],10.022213199990802,None,2170.061213499983,None,,,,,,,,,,,,,,,,,,,,,,,,,,,,,,,,,,,,,,,,,,,,,,,,,,,,,,,,005,001,2022-08-04_10h09.30.679,CSVTrial4,2022.1.3,59.015468536516664,
Question 18:,stim/Au_art_20034.jpg.png,"The AI system has determined that the above image is authentic.
Do you accept or deny this claim?",stim/conversational_Au_art_20034.jpg.png,,,,,,,,,,,,,,,,,,,,,0,16,16,16,,,,,,,,,,,,,,,,,,,,,,,,,,10:40:42,,,,,,,,,,,,,,,,,,,,,,,,,,,,,,10:41:10,,,,,,,,,,,,,,,,,,,,,,,,,,,,,,,,,,,,,,,,,,,,,,,,,,,2170.7675154999597,2180.811076199985,1.0,24.064773100079037,2180.782473600004,None,3.0,25.3558368999511,2180.782473600004,None,2180.782473600004,None,2.0,27.57439019996673,2180.782473600004,None,"[-0.57222223, -0.44907406, 0.40092593, 0.537037]","[-0.10555556, -0.2962963, -0.19351852, -0.4398148]","[1, 1, 1, 1]","[0, 0, 0, 0]","[0, 0, 0, 0]","[13.906953800003976, 15.198700899956748, 17.46426809998229, 18.159656299976632]",['Click_to_Continue'],10.023728179978207,None,2198.3813914000057,None,,,,,,,,,,,,,,,,,,,,,,,,,,,,,,,,,,,,,,,,,,,,,,,,,,,,,,,,005,001,2022-08-04_10h09.30.679,CSVTrial4,2022.1.3,59.015468536516664,
Question 19:,stim/Tp_D_CRN_M_N_cha10137_art00021_12210.jpg,"The AI system has determined that the above image is authentic.
Do you accept or deny this claim?",stim/conversational_Tp_D_CRN_M_N_cha10137_art00021_12210.jpg.png,,,,,,,,,,,,,,,,,,,,,0,17,17,17,,,,,,,,,,,,,,,,,,,,,,,,,,10:41:10,,,,,,,,,,,,,,,,,,,,,,,,,,,,,,10:41:36,,,,,,,,,,,,,,,,,,,,,,,,,,,,,,,,,,,,,,,,,,,,,,,,,,,2199.0014822999947,2209.064296800061,2.0,18.119235199992545,2209.0330711000133,None,5.0,22.255099400063045,2209.0330711000133,None,2209.0330711000133,None,1.0,24.531288199941628,2209.0330711000133,None,"[-0.33333334, -0.26203704, 0.29444444, 0.5277778]","[-0.10555556, -0.29444444, -0.17314816, -0.44907406]","[1, 1, 1, 1]","[0, 0, 0, 0]","[0, 0, 0, 0]","[7.944833799963817, 12.11003839992918, 14.403925699996762, 15.743133099982515]",['Click_to_Continue'],10.046324279974215,None,2223.5747700000647,None,,,,,,,,,,,,,,,,,,,,,,,,,,,,,,,,,,,,,,,,,,,,,,,,,,,,,,,,005,001,2022-08-04_10h09.30.679,CSVTrial4,2022.1.3,59.015468536516664,
,,,,,,,,,,,,,,,,,,,,,,,,,,,,,,,,,,,,,,,,,,,,,,,,,,,,,,,,,,,,,,,,,,,,,,,,,,,,,,,,,,,,2.0,4.0,3.0,4.0,4.0,2.0,2.0,1.0,2.0,2.0,3.0,3.0,,,,,,,,,,,,,,,,,,,,,,,,,,,,,,,,,,,,,,,,,,,,,,,,,,,,,,,,,,,,,,,,,,,,,,,,,,,,,,,,,,,,,,,,,,,,,,,,,,,,,,,,,,,,,,,,,,,,,,,,,005,001,2022-08-04_10h09.30.679,CSVTrial4,2022.1.3,59.015468536516664,
Question 1:,stim/Au_ani_00001.jpg,"The AI system has determined that the above image is authentic. 
Do you accept or deny this claim?",stim/feature_based_Au_ani_00001.jpg.png,,,,,,,,,,,,,,,,,,,,,,,,,0,0,0,0,,,,,,,,,,,,,,,,,,,,,,"Thursday, August 04, 2022 10:43:10",,,,,,,,,,,,,,,,,,,,,,,,,,,,,,"Thursday, August 04, 2022 10:43:42",,,,,,,,,,,,,2.0,2.0,1.0,1.0,2.0,2.0,1.0,1.0,1.0,3.0,2.0,,,,,,,,,,,,,,,,,,,,,,,,,,,,,,,,,,,,,,,,,,,,,,,,,,,,,,,2319.2769268000266,2329.343850699952,2329.3193473999854,None,1.0,24.063611899968237,2329.3193473999854,None,5.0,26.22208070009947,2329.3193473999854,None,2329.3193473999854,None,1.0,31.305972200003453,2329.3193473999854,None,2348.0159063000465,None,,,,,,,,,,,,,,,,,,,,,,,,,,,,,,,,,,,,005,001,2022-08-04_10h09.30.679,CSVTrial4,2022.1.3,59.015468536516664,
Question 2:,stim/Tp_D_CNN_S_B_ind00018_ind00089_00007.tif,"The AI system has determined that the above image is authentic. 
Do you accept or deny this claim?",stim/feature_based_Tp_D_CNN_S_B_ind00018_ind00089_00007.tif.png,,,,,,,,,,,,,,,,,,,,,,,,,0,1,1,1,,,,,,,,,,,,,,,,,,,,,,"Thursday, August 04, 2022 10:43:42",,,,,,,,,,,,,,,,,,,,,,,,,,,,,,"Thursday, August 04, 2022 10:44:15",,,,,,,,,,,,,,,,,,,,,,,,,,,,,,,,,,,,,,,,,,,,,,,,,,,,,,,,,,,,,,,,,,,,,,,,,,,,,,2351.2063535000198,2361.259895200026,2361.232607800048,None,2.0,29.27159339992795,2361.232607800048,None,4.0,30.771145300008357,2361.232607800048,None,2361.232607800048,None,1.0,32.590120999957435,2361.232607800048,None,2383.8278461999726,None,,,,,,,,,,,,,,,,,,,,,,,,,,,,,,,,,,,,005,001,2022-08-04_10h09.30.679,CSVTrial4,2022.1.3,59.015468536516664,
Question 3:,stim/Au_ani_00003.jpg,"The AI system has determined that the above image is authentic.
Do you accept or deny this claim?",stim/feature_based_Au_ani_00003.jpg.png,,,,,,,,,,,,,,,,,,,,,,,,,0,2,2,2,,,,,,,,,,,,,,,,,,,,,,"Thursday, August 04, 2022 10:44:15",,,,,,,,,,,,,,,,,,,,,,,,,,,,,,"Thursday, August 04, 2022 10:44:38",,,,,,,,,,,,,,,,,,,,,,,,,,,,,,,,,,,,,,,,,,,,,,,,,,,,,,,,,,,,,,,,,,,,,,,,,,,,,,2384.715219000005,2394.7543630000437,2394.7280196000356,None,1.0,20.047356000053696,2394.7280196000356,None,5.0,20.893255900009535,2394.7280196000356,None,2394.7280196000356,None,1.0,21.729915399919264,2394.7280196000356,None,2406.481016900041,None,,,,,,,,,,,,,,,,,,,,,,,,,,,,,,,,,,,,005,001,2022-08-04_10h09.30.679,CSVTrial4,2022.1.3,59.015468536516664,
Question 4:,stim/Au_ani_00005.jpg,"The AI system has determined that the above image is authentic.
Do you accept or deny this claim?",stim/feature_based_Au_ani_00005.jpg.png,,,,,,,,,,,,,,,,,,,,,,,,,0,3,3,3,,,,,,,,,,,,,,,,,,,,,,"Thursday, August 04, 2022 10:44:38",,,,,,,,,,,,,,,,,,,,,,,,,,,,,,"Thursday, August 04, 2022 10:45:08",,,,,,,,,,,,,,,,,,,,,,,,,,,,,,,,,,,,,,,,,,,,,,,,,,,,,,,,,,,,,,,,,,,,,,,,,,,,,,2407.395570300054,2417.4226326000644,2417.4226326000644,None,1.0,21.40310859994497,2417.4226326000644,None,2.0,24.928178899921477,2417.4226326000644,None,2417.4226326000644,None,3.0,29.211690500029363,2417.4226326000644,None,2436.6433419999667,None,,,,,,,,,,,,,,,,,,,,,,,,,,,,,,,,,,,,005,001,2022-08-04_10h09.30.679,CSVTrial4,2022.1.3,59.015468536516664,
Question 5:,stim/Tp_D_CND_M_N_art00076_art00077_10289.tif,"The AI system has determined that the above image is not authentic.
Do you accept or deny this claim?",stim/feature_based_Tp_D_CND_M_N_art00076_art00077_10289.tif.png,,,,,,,,,,,,,,,,,,,,,,,,,0,4,4,4,,,,,,,,,,,,,,,,,,,,,,"Thursday, August 04, 2022 10:45:08",,,,,,,,,,,,,,,,,,,,,,,,,,,,,,"Thursday, August 04, 2022 10:45:37",,,,,,,,,,,,,,,,,,,,,,,,,,,,,,,,,,,,,,,,,,,,,,,,,,,,,,,,,,,,,,,,,,,,,,,,,,,,,,2437.3120128000155,2447.361898800009,2447.3274587000487,None,2.0,21.924725499935448,2447.3274587000487,None,2.0,23.57374800008256,2447.3274587000487,None,2447.3274587000487,None,1.0,27.67444999993313,2447.3274587000487,None,2465.0273222000105,None,,,,,,,,,,,,,,,,,,,,,,,,,,,,,,,,,,,,005,001,2022-08-04_10h09.30.679,CSVTrial4,2022.1.3,59.015468536516664,
Question 6:,stim/Tp_D_CND_M_N_art00077_art00076_10290.tif,"The AI system has determined that the above image is not authentic.
Do you accept or deny this claim?",stim/feature_based_Tp_D_CND_M_N_art00077_art00076_10290.tif.png,,,,,,,,,,,,,,,,,,,,,,,,,0,5,5,5,,,,,,,,,,,,,,,,,,,,,,"Thursday, August 04, 2022 10:45:37",,,,,,,,,,,,,,,,,,,,,,,,,,,,,,"Thursday, August 04, 2022 10:46:09",,,,,,,,,,,,,,,,,,,,,,,,,,,,,,,,,,,,,,,,,,,,,,,,,,,,,,,,,,,,,,,,,,,,,,,,,,,,,,2466.508019900066,2476.541343400022,2476.5075818999903,None,1.0,28.48898480006028,2476.5075818999903,None,1.0,29.542281199945137,2476.5075818999903,None,2476.5075818999903,None,2.0,31.432299499982037,2476.5075818999903,None,2497.971770400065,None,,,,,,,,,,,,,,,,,,,,,,,,,,,,,,,,,,,,005,001,2022-08-04_10h09.30.679,CSVTrial4,2022.1.3,59.015468536516664,
Question 7:,stim/Au_ani_00017.jpg,"The AI system has determined that the above image is authentic.
Do you accept or deny this claim?",stim/feature_based_Au_ani_00017.jpg.png,,,,,,,,,,,,,,,,,,,,,,,,,0,6,6,6,,,,,,,,,,,,,,,,,,,,,,"Thursday, August 04, 2022 10:46:10",,,,,,,,,,,,,,,,,,,,,,,,,,,,,,"Thursday, August 04, 2022 10:46:37",,,,,,,,,,,,,,,,,,,,,,,,,,,,,,,,,,,,,,,,,,,,,,,,,,,,,,,,,,,,,,,,,,,,,,,,,,,,,,2498.7764386000345,2508.8247260999633,2508.794949800009,None,1.0,23.9650118999416,2508.794949800009,None,3.0,25.404294100007974,2508.794949800009,None,2508.794949800009,None,3.0,26.68927370000165,2508.794949800009,None,2525.498892899952,None,,,,,,,,,,,,,,,,,,,,,,,,,,,,,,,,,,,,005,001,2022-08-04_10h09.30.679,CSVTrial4,2022.1.3,59.015468536516664,
Question 8:,stim/Tp_D_CND_M_N_ani00018_sec00096_00138.tif,"The AI system has determined that the above image is authentic.
Do you accept or deny this claim?",stim/feature_based_Tp_D_CND_M_N_ani00018_sec00096_00138.tif.png,,,,,,,,,,,,,,,,,,,,,,,,,0,7,7,7,,,,,,,,,,,,,,,,,,,,,,"Thursday, August 04, 2022 10:46:37",,,,,,,,,,,,,,,,,,,,,,,,,,,,,,"Thursday, August 04, 2022 10:47:02",,,,,,,,,,,,,,,,,,,,,,,,,,,,,,,,,,,,,,,,,,,,,,,,,,,,,,,,,,,,,,,,,,,,,,,,,,,,,,2526.125612100004,2536.166453200043,2536.1416944999946,None,2.0,20.658263199962676,2536.1416944999946,None,3.0,22.98817569995299,2536.1416944999946,None,2536.1416944999946,None,3.0,24.37324179999996,2536.1416944999946,None,2550.532167700003,None,,,,,,,,,,,,,,,,,,,,,,,,,,,,,,,,,,,,005,001,2022-08-04_10h09.30.679,CSVTrial4,2022.1.3,59.015468536516664,
Question 9:,stim/Au_txt_00005.jpg,"The AI system has determined that the above image is not authentic.
Do you accept or deny this claim?",stim/feature_based_Au_txt_00005.jpg.png,,,,,,,,,,,,,,,,,,,,,,,,,0,8,8,8,,,,,,,,,,,,,,,,,,,,,,"Thursday, August 04, 2022 10:47:02",,,,,,,,,,,,,,,,,,,,,,,,,,,,,,"Thursday, August 04, 2022 10:47:34",,,,,,,,,,,,,,,,,,,,,,,,,,,,,,,,,,,,,,,,,,,,,,,,,,,,,,,,,,,,,,,,,,,,,,,,,,,,,,2551.2521879000124,2561.2929518000456,2561.267993699992,None,1.0,28.072498199995607,2561.267993699992,None,4.0,29.427278899936937,2561.267993699992,None,2561.267993699992,None,3.0,30.939889800036326,2561.267993699992,None,2582.226151700015,None,,,,,,,,,,,,,,,,,,,,,,,,,,,,,,,,,,,,005,001,2022-08-04_10h09.30.679,CSVTrial4,2022.1.3,59.015468536516664,
Question 10:,stim/Tp_D_CND_S_N_ind00078_ind00077_00476.tif,"The AI system has determined that the above image is not authentic.
Do you accept or deny this claim?",stim/feature_based_Tp_D_CND_S_N_ind00078_ind00077_00476.tif.png,,,,,,,,,,,,,,,,,,,,,,,,,0,9,9,9,,,,,,,,,,,,,,,,,,,,,,"Thursday, August 04, 2022 10:47:34",,,,,,,,,,,,,,,,,,,,,,,,,,,,,,"Thursday, August 04, 2022 10:47:57",,,,,,,,,,,,,,,,,,,,,,,,,,,,,,,,,,,,,,,,,,,,,,,,,,,,,,,,,,,,,,,,,,,,,,,,,,,,,,2582.944333099993,2592.9915132999886,2592.954654500005,None,2.0,19.102511400007643,2592.954654500005,None,4.0,22.157150999992155,2592.954654500005,None,2592.954654500005,None,1.0,23.017779299989343,2592.954654500005,None,2605.9961148999864,None,,,,,,,,,,,,,,,,,,,,,,,,,,,,,,,,,,,,005,001,2022-08-04_10h09.30.679,CSVTrial4,2022.1.3,59.015468536516664,
Question 11:,stim/Au_ani_00021.jpg,"The AI system has determined that the above image is authentic.
Do you accept or deny this claim?",stim/feature_based_Au_ani_00021.jpg.png,,,,,,,,,,,,,,,,,,,,,,,,,0,10,10,10,,,,,,,,,,,,,,,,,,,,,,"Thursday, August 04, 2022 10:47:57",,,,,,,,,,,,,,,,,,,,,,,,,,,,,,"Thursday, August 04, 2022 10:48:25",,,,,,,,,,,,,,,,,,,,,,,,,,,,,,,,,,,,,,,,,,,,,,,,,,,,,,,,,,,,,,,,,,,,,,,,,,,,,,2606.69921770005,2616.71667860006,2616.71667860006,None,1.0,22.315481500001624,2616.71667860006,None,4.0,24.423281700001098,2616.71667860006,None,2616.71667860006,None,1.0,26.73720410000533,2616.71667860006,None,2633.469251399976,None,,,,,,,,,,,,,,,,,,,,,,,,,,,,,,,,,,,,005,001,2022-08-04_10h09.30.679,CSVTrial4,2022.1.3,59.015468536516664,
Question 12:,stim/Tp_D_CND_S_N_txt00028_txt00006_10848.jpg,"The AI system has determined that the above image is not authentic.
Do you accept or deny this claim?",stim/feature_based_Tp_D_CND_S_N_txt00028_txt00006_10848.jpg.png,,,,,,,,,,,,,,,,,,,,,,,,,0,11,11,11,,,,,,,,,,,,,,,,,,,,,,"Thursday, August 04, 2022 10:48:25",,,,,,,,,,,,,,,,,,,,,,,,,,,,,,"Thursday, August 04, 2022 10:48:47",,,,,,,,,,,,,,,,,,,,,,,,,,,,,,,,,,,,,,,,,,,,,,,,,,,,,,,,,,,,,,,,,,,,,,,,,,,,,,2634.24565409997,2644.265128900064,2644.265128900064,None,1.0,18.414432000019588,2644.265128900064,None,2.0,19.165408700006083,2644.265128900064,None,2644.265128900064,None,2.0,21.231636199983768,2644.265128900064,None,2655.510829900042,None,,,,,,,,,,,,,,,,,,,,,,,,,,,,,,,,,,,,005,001,2022-08-04_10h09.30.679,CSVTrial4,2022.1.3,59.015468536516664,
Question 13:,stim/Tp_D_CNN_M_N_txt00049_txt00050_10374.tif,"The AI system has determined that the above image is authentic.
Do you accept or deny this claim?",stim/feature_based_Tp_D_CNN_M_N_txt00049_txt00050_10374.tif.png,,,,,,,,,,,,,,,,,,,,,,,,,0,12,12,12,,,,,,,,,,,,,,,,,,,,,,"Thursday, August 04, 2022 10:48:47",,,,,,,,,,,,,,,,,,,,,,,,,,,,,,"Thursday, August 04, 2022 10:49:10",,,,,,,,,,,,,,,,,,,,,,,,,,,,,,,,,,,,,,,,,,,,,,,,,,,,,,,,,,,,,,,,,,,,,,,,,,,,,,2656.352545300033,2666.400500299991,2666.3716507999925,None,1.0,17.573517700075172,2666.3716507999925,None,4.0,20.36777470004745,2666.3716507999925,None,2666.3716507999925,None,2.0,21.737739200005308,2666.3716507999925,None,2678.1233850000426,None,,,,,,,,,,,,,,,,,,,,,,,,,,,,,,,,,,,,005,001,2022-08-04_10h09.30.679,CSVTrial4,2022.1.3,59.015468536516664,
Question 14:,stim/Au_txt_00038.jpg,"The AI system has determined that the above image is not authentic.
Do you accept or deny this claim?",stim/feature_based_Au_txt_00038.jpg.png,,,,,,,,,,,,,,,,,,,,,,,,,0,13,13,13,,,,,,,,,,,,,,,,,,,,,,"Thursday, August 04, 2022 10:49:10",,,,,,,,,,,,,,,,,,,,,,,,,,,,,,"Thursday, August 04, 2022 10:49:36",,,,,,,,,,,,,,,,,,,,,,,,,,,,,,,,,,,,,,,,,,,,,,,,,,,,,,,,,,,,,,,,,,,,,,,,,,,,,,2679.104096099967,2689.1435843999498,2689.113440199988,None,1.0,23.780560899991542,2689.113440199988,None,2.0,24.46525400003884,2689.113440199988,None,2689.113440199988,None,2.0,25.500662700040266,2689.113440199988,None,2704.636722599971,None,,,,,,,,,,,,,,,,,,,,,,,,,,,,,,,,,,,,005,001,2022-08-04_10h09.30.679,CSVTrial4,2022.1.3,59.015468536516664,
Question 15:,stim/Tp_D_CNN_M_N_nat10139_nat00095_11947.jpg.png,"The AI system has determined that the above image is not authentic.
Do you accept or deny this claim?",stim/feature_based_Tp_D_CNN_M_N_nat10139_nat00095_11947.jpg.png,,,,,,,,,,,,,,,,,,,,,,,,,0,14,14,14,,,,,,,,,,,,,,,,,,,,,,"Thursday, August 04, 2022 10:49:36",,,,,,,,,,,,,,,,,,,,,,,,,,,,,,"Thursday, August 04, 2022 10:50:00",,,,,,,,,,,,,,,,,,,,,,,,,,,,,,,,,,,,,,,,,,,,,,,,,,,,,,,,,,,,,,,,,,,,,,,,,,,,,,2705.4140971000306,2715.452338999952,2715.4281143000117,None,2.0,19.925351900048554,2715.4281143000117,None,5.0,21.509605700033717,2715.4281143000117,None,2715.4281143000117,None,1.0,22.296668299939483,2715.4281143000117,None,2727.7443544999696,None,,,,,,,,,,,,,,,,,,,,,,,,,,,,,,,,,,,,005,001,2022-08-04_10h09.30.679,CSVTrial4,2022.1.3,59.015468536516664,
Question 16:,stim/Au_ani_00023.jpg,"The AI system has determined that the above image is authentic.
Do you accept or deny this claim?",stim/feature_based_Au_ani_00023.jpg.png,,,,,,,,,,,,,,,,,,,,,,,,,0,15,15,15,,,,,,,,,,,,,,,,,,,,,,"Thursday, August 04, 2022 10:50:00",,,,,,,,,,,,,,,,,,,,,,,,,,,,,,"Thursday, August 04, 2022 10:50:32",,,,,,,,,,,,,,,,,,,,,,,,,,,,,,,,,,,,,,,,,,,,,,,,,,,,,,,,,,,,,,,,,,,,,,,,,,,,,,2729.5827760000248,2739.639515900053,2739.6014686999843,None,2.0,22.25468999997247,2739.6014686999843,None,3.0,26.918324399972335,2739.6014686999843,None,2739.6014686999843,None,3.0,30.430368099943735,2739.6014686999843,None,2758.7761788000353,None,,,,,,,,,,,,,,,,,,,,,,,,,,,,,,,,,,,,005,001,2022-08-04_10h09.30.679,CSVTrial4,2022.1.3,59.015468536516664,
Question 17:,stim/Tp_D_CNN_M_N_sec10110_sec10101_10298.tif.png,"The AI system has determined that the above image is not authentic.
Do you accept or deny this claim?",stim/feature_based_Tp_D_CNN_M_N_sec10110_sec10101_10298.tif.png,,,,,,,,,,,,,,,,,,,,,,,,,0,16,16,16,,,,,,,,,,,,,,,,,,,,,,"Thursday, August 04, 2022 10:50:32",,,,,,,,,,,,,,,,,,,,,,,,,,,,,,"Thursday, August 04, 2022 10:50:59",,,,,,,,,,,,,,,,,,,,,,,,,,,,,,,,,,,,,,,,,,,,,,,,,,,,,,,,,,,,,,,,,,,,,,,,,,,,,,2761.129944400047,2771.171153399977,2771.1453439999605,None,2.0,22.207806900027208,2771.1453439999605,None,4.0,23.565191900008358,2771.1453439999605,None,2771.1453439999605,None,3.0,26.18902460008394,2771.1453439999605,None,2787.3525514999637,None,,,,,,,,,,,,,,,,,,,,,,,,,,,,,,,,,,,,005,001,2022-08-04_10h09.30.679,CSVTrial4,2022.1.3,59.015468536516664,
Question 18:,stim/Au_txt_00042.jpg,"The AI system has determined that the above image is not authentic.
Do you accept or deny this claim?",stim/feature_based_Au_txt_00042.jpg.png,,,,,,,,,,,,,,,,,,,,,,,,,0,17,17,17,,,,,,,,,,,,,,,,,,,,,,"Thursday, August 04, 2022 10:50:59",,,,,,,,,,,,,,,,,,,,,,,,,,,,,,"Thursday, August 04, 2022 10:51:30",,,,,,,,,,,,,,,,,,,,,,,,,,,,,,,,,,,,,,,,,,,,,,,,,,,,,,,,,,,,,,,,,,,,,,,,,,,,,,2788.2177073999774,2798.251514600008,2798.225537499995,None,2.0,18.99211190000642,2798.225537499995,None,3.0,26.62321069999598,2798.225537499995,None,2798.225537499995,None,1.0,29.45130119996611,2798.225537499995,None,2817.7014261999866,None,,,,,,,,,,,,,,,,,,,,,,,,,,,,,,,,,,,,005,001,2022-08-04_10h09.30.679,CSVTrial4,2022.1.3,59.015468536516664,
,,,,,,,,,,,,,,,,,,,,,,,,,,,,,,,,,,,,,,,,,,,,,,,,,,,,,,,,,,,,,,,,,,,,,,,,,,,,,,,,,,,,3.0,4.0,4.0,3.0,4.0,4.0,4.0,2.0,3.0,4.0,4.0,3.0,,,,,,,,,,,,,,,,,,,,,,,,,,,,,,,,,,,,,,,,,,,,,,,,,,,,,,,,,,,,,,,,,,,,,,,,,,,,,,,,,,,,,,2819.610446400009,None,,,,,,,,,,,,,,,,,,,,,,,,,,,,,,,,,,005,001,2022-08-04_10h09.30.679,CSVTrial4,2022.1.3,59.015468536516664,
Question 1:,stim/Tp_D_CNN_S_B_sec00023_sec00022_00044.tif,"The AI system has determined that the above image is not authentic. 
Do you accept or deny this claim?",stim/image_based_Tp_D_CNN_S_B_sec00023_sec00022_00044.tif.png,,,,,,,,,,,,,,,,,,,,,,,,,,,,,0,0,0,0,,,,,,,,,,,,,,,,,,"Thursday, August 04, 2022 10:52:50",,,,,,,,,,,,,,,,,,,,,,,,,,,,,,"Thursday, August 04, 2022 10:53:20",,,,,,,,,,,,,4.0,3.0,2.0,2.0,2.0,2.0,2.0,3.0,4.0,4.0,4.0,,,,,,,,,,,,,,,,,,,,,,,,,,,,,,,,,,,,,,,,,,,,,,,,,,,,,,,,,,,,,,,,,,,,,,,,,,,,,2899.157028299989,2909.203274499974,2909.180306000053,None,2.0,26.235379400081,2909.180306000053,None,4.0,28.097396600060165,2909.180306000053,None,2909.180306000053,None,1.0,29.083687699981965,2909.180306000053,None,"[-0.3314815, -0.35462964, 0.29166666, 0.5574074]","[-0.09907407, -0.30277777, -0.19629629, -0.45740741]","[1, 1, 1, 1]","[0, 0, 0, 0]","[0, 0, 0, 0]","[16.11117499996908, 17.951537700020708, 19.004335699952208, 19.805346600012854]",['Click_to_Continue_7'],10.000755360000767,None,2928.2678165000398,None,,,,,005,001,2022-08-04_10h09.30.679,CSVTrial4,2022.1.3,59.015468536516664,
Question 2:,stim/Au_art_30124.jpg,"The AI system has determined that the above image is authentic.
Do you accept or deny this claim?",stim/Au_art_30124.jpg,,,,,,,,,,,,,,,,,,,,,,,,,,,,,0,1,1,1,,,,,,,,,,,,,,,,,,"Thursday, August 04, 2022 10:53:20",,,,,,,,,,,,,,,,,,,,,,,,,,,,,,"Thursday, August 04, 2022 10:53:41",,,,,,,,,,,,,,,,,,,,,,,,,,,,,,,,,,,,,,,,,,,,,,,,,,,,,,,,,,,,,,,,,,,,,,,,,,,,,,,,,,,,,,,,,,,,,,,,,,,,2928.9951789999614,2939.025107100024,2939.0030037000543,None,1.0,18.531349900062196,2939.0030037000543,None,5.0,19.62577699997928,2939.0030037000543,None,2939.0030037000543,None,1.0,20.858178100083023,2939.0030037000543,None,"[-0.5564815, -0.26296297, 0.29814816, 0.5407407]","[-0.1, -0.29074073, -0.19907407, -0.45277777]","[1, 1, 1, 1]","[0, 0, 0, 0]","[0, 0, 0, 0]","[8.391152499942109, 9.472561999922618, 10.760302599985152, 11.422278599929996]",['Click_to_Continue_7'],10.020798859884962,None,2949.8933126999764,None,,,,,005,001,2022-08-04_10h09.30.679,CSVTrial4,2022.1.3,59.015468536516664,
Question 3:,stim/Au_cha_00098.jpg,"The AI system has determined that the above image is authentic.
Do you accept or deny this claim?",stim/Au_cha_00098.jpg,,,,,,,,,,,,,,,,,,,,,,,,,,,,,0,2,2,2,,,,,,,,,,,,,,,,,,"Thursday, August 04, 2022 10:53:41",,,,,,,,,,,,,,,,,,,,,,,,,,,,,,"Thursday, August 04, 2022 10:54:05",,,,,,,,,,,,,,,,,,,,,,,,,,,,,,,,,,,,,,,,,,,,,,,,,,,,,,,,,,,,,,,,,,,,,,,,,,,,,,,,,,,,,,,,,,,,,,,,,,,,2950.46247160004,2960.4883951999946,2960.466307100025,None,1.0,17.02458760002628,2960.466307100025,None,4.0,19.956492500030436,2960.466307100025,None,2960.466307100025,None,1.0,22.90417879994493,2960.466307100025,None,"[-0.56574076, -0.35277778, 0.30277777, 0.537963]","[-0.10555556, -0.30277777, -0.19444445, -0.43333334]","[1, 1, 1, 1]","[0, 0, 0, 0]","[0, 0, 0, 0]","[6.904264799901284, 9.840842799982056, 12.840616899891756, 13.778790399897844]",['Click_to_Continue_7'],10.024079359835014,None,2973.397682999959,None,,,,,005,001,2022-08-04_10h09.30.679,CSVTrial4,2022.1.3,59.015468536516664,
Question 4:,stim/Au_cha_30078.jpg,"The AI system has determined that the above image is authentic.
Do you accept or deny this claim?",stim/Au_cha_30078.jpg,,,,,,,,,,,,,,,,,,,,,,,,,,,,,0,3,3,3,,,,,,,,,,,,,,,,,,"Thursday, August 04, 2022 10:54:05",,,,,,,,,,,,,,,,,,,,,,,,,,,,,,"Thursday, August 04, 2022 10:54:27",,,,,,,,,,,,,,,,,,,,,,,,,,,,,,,,,,,,,,,,,,,,,,,,,,,,,,,,,,,,,,,,,,,,,,,,,,,,,,,,,,,,,,,,,,,,,,,,,,,,2974.286212200066,2984.3291383000324,2984.3055657000514,None,1.0,18.157855700002983,2984.3055657000514,None,4.0,19.594252499984577,2984.3055657000514,None,2984.3055657000514,None,1.0,20.756826500059105,2984.3055657000514,None,"[-0.5861111, -0.35740742, 0.29537037, 0.5287037]","[-0.10462963, -0.29166666, -0.19444445, -0.43888888]","[1, 1, 1, 1]","[0, 0, 0, 0]","[0, 0, 0, 0]","[8.023268899996765, 9.446993999998085, 10.655957899987698, 11.481089000008069]",['Click_to_Continue_7'],10.036863559973426,None,2995.0712129999883,None,,,,,005,001,2022-08-04_10h09.30.679,CSVTrial4,2022.1.3,59.015468536516664,
Question 5:,stim/Tp_D_CNN_S_B_txt00055_txt00047_11328.jpg.png,"The AI system has determined that the above image is not authentic.
Do you accept or deny this claim?",stim/image_based_Tp_D_CNN_S_B_txt00055_txt00047_11328.jpg.png,,,,,,,,,,,,,,,,,,,,,,,,,,,,,0,4,4,4,,,,,,,,,,,,,,,,,,"Thursday, August 04, 2022 10:54:27",,,,,,,,,,,,,,,,,,,,,,,,,,,,,,"Thursday, August 04, 2022 10:54:47",,,,,,,,,,,,,,,,,,,,,,,,,,,,,,,,,,,,,,,,,,,,,,,,,,,,,,,,,,,,,,,,,,,,,,,,,,,,,,,,,,,,,,,,,,,,,,,,,,,,2995.824980400037,3005.8578104999615,3005.8344065999845,None,1.0,15.931261699995957,3005.8344065999845,None,4.0,17.835048699984327,3005.8344065999845,None,3005.8344065999845,None,3.0,20.126960600027815,3005.8344065999845,None,"[-0.5638889, -0.34444445, 0.48518518, 0.54351854]","[-0.10092592, -0.30092594, -0.19351852, -0.4537037]","[1, 1, 1, 1]","[0, 0, 0, 0]","[0, 0, 0, 0]","[5.778126199962571, 7.72771400003694, 10.033712600008585, 10.780254199984483]",['Click_to_Continue_7'],10.028630760032684,None,3015.9837249000557,None,,,,,005,001,2022-08-04_10h09.30.679,CSVTrial4,2022.1.3,59.015468536516664,
Question 6:,stim/Tp_D_CNN_S_N_ani10198_ani10197_12407.jpg.png,"The AI system has determined that the above image is not authentic.
Do you accept or deny this claim?",stim/image_based_Tp_D_CNN_S_N_ani10198_ani10197_12407.jpg.png,,,,,,,,,,,,,,,,,,,,,,,,,,,,,0,5,5,5,,,,,,,,,,,,,,,,,,"Thursday, August 04, 2022 10:54:47",,,,,,,,,,,,,,,,,,,,,,,,,,,,,,"Thursday, August 04, 2022 10:55:11",,,,,,,,,,,,,,,,,,,,,,,,,,,,,,,,,,,,,,,,,,,,,,,,,,,,,,,,,,,,,,,,,,,,,,,,,,,,,,,,,,,,,,,,,,,,,,,,,,,,3016.673489299952,3026.709527499974,3026.6844509000657,None,1.0,17.72702690004371,3026.6844509000657,None,4.0,18.52865999995265,3026.6844509000657,None,3026.6844509000657,None,3.0,21.83810930000618,3026.6844509000657,None,"[-0.55925924, -0.34444445, 0.49444443, 0.5425926]","[-0.11111111, -0.2898148, -0.19814815, -0.44814816]","[1, 1, 1, 1]","[0, 0, 0, 0]","[0, 0, 0, 0]","[7.5949521999573335, 8.387099400046282, 11.742932999972254, 13.198373700026423]",['Click_to_Continue_7'],10.025649679941125,None,3038.54077219998,None,,,,,005,001,2022-08-04_10h09.30.679,CSVTrial4,2022.1.3,59.015468536516664,
Question 7:,stim/Tp_D_CRD_S_N_ind00029_ind00088_00444.tif.png,"The AI system has determined that the above image is not authentic.
Do you accept or deny this claim?",stim/image_based_Tp_D_CRD_S_N_ind00029_ind00088_00444.tif.png,,,,,,,,,,,,,,,,,,,,,,,,,,,,,0,6,6,6,,,,,,,,,,,,,,,,,,"Thursday, August 04, 2022 10:55:11",,,,,,,,,,,,,,,,,,,,,,,,,,,,,,"Thursday, August 04, 2022 10:55:38",,,,,,,,,,,,,,,,,,,,,,,,,,,,,,,,,,,,,,,,,,,,,,,,,,,,,,,,,,,,,,,,,,,,,,,,,,,,,,,,,,,,,,,,,,,,,,,,,,,,3039.9254786999663,3049.958457699977,3049.9355774000287,None,1.0,23.529554400010966,3049.9355774000287,None,3.0,24.974709099973552,3049.9355774000287,None,3049.9355774000287,None,2.0,26.554676600033417,3049.9355774000287,None,"[-0.57314813, -0.45185184, 0.40462962, 0.53333336]","[-0.09907407, -0.29259259, -0.19907407, -0.45555556]","[1, 1, 1, 1]","[0, 0, 0, 0]","[0, 0, 0, 0]","[13.406368700088933, 14.83230510004796, 16.45405599998776, 17.309432900045067]",['Click_to_Continue_7'],10.02439586003311,None,3066.5212951999856,None,,,,,005,001,2022-08-04_10h09.30.679,CSVTrial4,2022.1.3,59.015468536516664,
Question 8:,stim/Au_cha_30543.jpg,"The AI system has determined that the above image is authentic.
Do you accept or deny this claim?",stim/Au_cha_30543.jpg,,,,,,,,,,,,,,,,,,,,,,,,,,,,,0,7,7,7,,,,,,,,,,,,,,,,,,"Thursday, August 04, 2022 10:55:38",,,,,,,,,,,,,,,,,,,,,,,,,,,,,,"Thursday, August 04, 2022 10:56:06",,,,,,,,,,,,,,,,,,,,,,,,,,,,,,,,,,,,,,,,,,,,,,,,,,,,,,,,,,,,,,,,,,,,,,,,,,,,,,,,,,,,,,,,,,,,,,,,,,,,3067.2887333000544,3077.3213223000057,3077.297841600026,None,1.0,23.301686100079678,3077.297841600026,None,5.0,25.497410400072113,3077.297841600026,None,3077.297841600026,None,1.0,27.328150199959055,3077.297841600026,None,"[-0.5842593, -0.24259259, 0.31666666, 0.5648148]","[-0.09907407, -0.30833334, -0.18981482, -0.43888888]","[1, 1, 1, 1]","[0, 0, 0, 0]","[0, 0, 0, 0]","[13.180627099936828, 15.370335399988107, 17.19365829997696, 17.921817800030112]",['Click_to_Continue_7'],10.021221759845503,None,3094.6506585000316,None,,,,,005,001,2022-08-04_10h09.30.679,CSVTrial4,2022.1.3,59.015468536516664,
Question 9:,stim/Tp_D_CRD_S_N_sec00003_sec00007_00023.tif,"The AI system has determined that the above image is authentic.
Do you accept or deny this claim?",stim/Tp_D_CRD_S_N_sec00003_sec00007_00023.tif,,,,,,,,,,,,,,,,,,,,,,,,,,,,,0,8,8,8,,,,,,,,,,,,,,,,,,"Thursday, August 04, 2022 10:56:06",,,,,,,,,,,,,,,,,,,,,,,,,,,,,,"Thursday, August 04, 2022 10:56:33",,,,,,,,,,,,,,,,,,,,,,,,,,,,,,,,,,,,,,,,,,,,,,,,,,,,,,,,,,,,,,,,,,,,,,,,,,,,,,,,,,,,,,,,,,,,,,,,,,,,3095.2665790000465,3105.307210800005,3105.282989499974,None,1.0,21.363333799992688,3105.282989499974,None,4.0,23.636654400033876,3105.282989499974,None,3105.282989499974,None,3.0,26.001948699937202,3105.282989499974,None,"[-0.5611111, -0.34444445, 0.5083333, 0.5212963]","[-0.107407406, -0.2962963, -0.19166666, -0.44814816]","[1, 1, 1, 1]","[0, 0, 0, 0]","[0, 0, 0, 0]","[11.232116800034419, 13.535784199950285, 15.878654300002381, 16.700379600049928]",['Click_to_Continue_7'],10.026766459923238,None,3121.305836400017,None,,,,,005,001,2022-08-04_10h09.30.679,CSVTrial4,2022.1.3,59.015468536516664,
Question 10:,stim/Au_ind_00022.jpg,"The AI system has determined that the above image is authentic.
Do you accept or deny this claim?",stim/Au_ind_00022.jpg,,,,,,,,,,,,,,,,,,,,,,,,,,,,,0,9,9,9,,,,,,,,,,,,,,,,,,"Thursday, August 04, 2022 10:56:33",,,,,,,,,,,,,,,,,,,,,,,,,,,,,,"Thursday, August 04, 2022 10:56:57",,,,,,,,,,,,,,,,,,,,,,,,,,,,,,,,,,,,,,,,,,,,,,,,,,,,,,,,,,,,,,,,,,,,,,,,,,,,,,,,,,,,,,,,,,,,,,,,,,,,3122.0276331000496,3132.047648299951,3132.047648299951,None,1.0,18.831811200012453,3132.047648299951,None,5.0,20.957938499981537,3132.047648299951,None,3132.047648299951,None,3.0,23.24192210007459,3132.047648299951,None,"[-0.5703704, -0.25185186, 0.4962963, 0.5509259]","[-0.10925926, -0.29907408, -0.20648149, -0.44907406]","[1, 1, 1, 1]","[0, 0, 0, 0]","[0, 0, 0, 0]","[8.693894100026228, 10.840558600029908, 13.107912999927066, 13.87115060002543]",['Click_to_Continue_7'],10.031765659921803,None,3145.309180399985,None,,,,,005,001,2022-08-04_10h09.30.679,CSVTrial4,2022.1.3,59.015468536516664,
Question 11:,stim/Au_art_30396.jpg,"The AI system has determined that the above image is not authentic.
Do you accept or deny this claim?",stim/image_based_Au_art_30396.jpg.png,,,,,,,,,,,,,,,,,,,,,,,,,,,,,0,10,10,10,,,,,,,,,,,,,,,,,,"Thursday, August 04, 2022 10:56:57",,,,,,,,,,,,,,,,,,,,,,,,,,,,,,"Thursday, August 04, 2022 10:57:19",,,,,,,,,,,,,,,,,,,,,,,,,,,,,,,,,,,,,,,,,,,,,,,,,,,,,,,,,,,,,,,,,,,,,,,,,,,,,,,,,,,,,,,,,,,,,,,,,,,,3145.9684507000493,3156.0171681999927,3155.992367399973,None,2.0,17.800018200068735,3155.992367399973,None,5.0,20.72372800006997,3155.992367399973,None,3155.992367399973,None,1.0,21.503266399959102,3155.992367399973,None,"[-0.31296295, -0.25462964, 0.34814814, 0.52962965]","[-0.11018518, -0.30462962, -0.18796296, -0.44351852]","[1, 1, 1, 1]","[0, 0, 0, 0]","[0, 0, 0, 0]","[7.678298900020309, 10.571243499987759, 11.381353899952956, 12.205104000051506]",['Click_to_Continue_7'],10.032433059997857,None,3167.5065958000487,None,,,,,005,001,2022-08-04_10h09.30.679,CSVTrial4,2022.1.3,59.015468536516664,
Question 12:,stim/Tp_D_CRN_M_N_cha00035_cha00040_11732.jpg,"The AI system has determined that the above image is not authentic.
Do you accept or deny this claim?",stim/image_based_Tp_D_CRN_M_N_cha00035_cha00040_11732.jpg.png,,,,,,,,,,,,,,,,,,,,,,,,,,,,,0,11,11,11,,,,,,,,,,,,,,,,,,"Thursday, August 04, 2022 10:57:19",,,,,,,,,,,,,,,,,,,,,,,,,,,,,,"Thursday, August 04, 2022 10:57:42",,,,,,,,,,,,,,,,,,,,,,,,,,,,,,,,,,,,,,,,,,,,,,,,,,,,,,,,,,,,,,,,,,,,,,,,,,,,,,,,,,,,,,,,,,,,,,,,,,,,3168.2371631000424,3178.284449800034,3178.2525330999633,None,1.0,19.132906300015748,3178.2525330999633,None,5.0,20.178711000015028,3178.2525330999633,None,3178.2525330999633,None,3.0,21.82622240006458,3178.2525330999633,None,"[-0.5740741, -0.2611111, 0.4962963, 0.55277777]","[-0.10925926, -0.28333333, -0.18888889, -0.45092592]","[1, 1, 1, 1]","[0, 0, 0, 0]","[0, 0, 0, 0]","[9.001379700028338, 10.079712400096469, 11.707280000089668, 13.107510300003923]",['Click_to_Continue_7'],10.030914559960365,None,3190.0989337000065,None,,,,,005,001,2022-08-04_10h09.30.679,CSVTrial4,2022.1.3,59.015468536516664,
Question 13:,stim/Tp_D_CRN_M_N_cha00094_cha00086_11501.jpg,"The AI system has determined that the above image is not authentic.
Do you accept or deny this claim?",stim/image_based_Tp_D_CRN_M_N_cha00094_cha00086_11501.jpg.png,,,,,,,,,,,,,,,,,,,,,,,,,,,,,0,12,12,12,,,,,,,,,,,,,,,,,,"Thursday, August 04, 2022 10:57:42",,,,,,,,,,,,,,,,,,,,,,,,,,,,,,"Thursday, August 04, 2022 10:58:07",,,,,,,,,,,,,,,,,,,,,,,,,,,,,,,,,,,,,,,,,,,,,,,,,,,,,,,,,,,,,,,,,,,,,,,,,,,,,,,,,,,,,,,,,,,,,,,,,,,,3191.4027125999564,3201.437760800007,3201.411547500058,None,1.0,20.673526300000958,3201.411547500058,None,4.0,21.830246999976225,3201.411547500058,None,3201.411547500058,None,3.0,24.397304799989797,3201.411547500058,None,"[-0.5787037, -0.35462964, 0.49537036, 0.537963]","[-0.09907407, -0.2898148, -0.2037037, -0.43796295]","[1, 1, 1, 1]","[0, 0, 0, 0]","[0, 0, 0, 0]","[10.546741600031964, 11.727942700032145, 14.252393099945039, 15.013755699968897]",['Click_to_Continue_7'],10.02235025994014,None,3215.838192700059,None,,,,,005,001,2022-08-04_10h09.30.679,CSVTrial4,2022.1.3,59.015468536516664,
Question 14:,stim/Au_art_20034.jpg,"The AI system has determined that the above image is authentic.
Do you accept or deny this claim?",stim/Au_art_20034.jpg,,,,,,,,,,,,,,,,,,,,,,,,,,,,,0,13,13,13,,,,,,,,,,,,,,,,,,"Thursday, August 04, 2022 10:58:07",,,,,,,,,,,,,,,,,,,,,,,,,,,,,,"Thursday, August 04, 2022 10:58:25",,,,,,,,,,,,,,,,,,,,,,,,,,,,,,,,,,,,,,,,,,,,,,,,,,,,,,,,,,,,,,,,,,,,,,,,,,,,,,,,,,,,,,,,,,,,,,,,,,,,3216.485736900009,3226.532241799985,3226.50633210002,None,1.0,15.961706900037825,3226.50633210002,None,2.0,16.73182230000384,3226.50633210002,None,3226.50633210002,None,1.0,17.501709799980745,3226.50633210002,None,"[-0.5601852, -0.55185187, 0.31111112, 0.5537037]","[-0.096296296, -0.29907408, -0.19907407, -0.4398148]","[1, 1, 1, 1]","[0, 0, 0, 0]","[0, 0, 0, 0]","[5.834782000049017, 6.57753110001795, 7.382697999943048, 8.185077699949034]",['Click_to_Continue_7'],10.033389579853974,None,3234.0188428000547,None,,,,,005,001,2022-08-04_10h09.30.679,CSVTrial4,2022.1.3,59.015468536516664,
Question 15:,stim/Tp_D_CRN_M_N_cha10166_nat10123_12273.jpg,"The AI system has determined that the above image is not authentic.
Do you accept or deny this claim?",stim/image_based_Tp_D_CRN_M_N_cha10166_nat10123_12273.jpg.png,,,,,,,,,,,,,,,,,,,,,,,,,,,,,0,14,14,14,,,,,,,,,,,,,,,,,,"Thursday, August 04, 2022 10:58:25",,,,,,,,,,,,,,,,,,,,,,,,,,,,,,"Thursday, August 04, 2022 10:58:46",,,,,,,,,,,,,,,,,,,,,,,,,,,,,,,,,,,,,,,,,,,,,,,,,,,,,,,,,,,,,,,,,,,,,,,,,,,,,,,,,,,,,,,,,,,,,,,,,,,,3234.7469840999693,3244.7732298000483,3244.7496367000276,None,2.0,17.39992540003732,3244.7496367000276,None,4.0,18.67830180004239,3244.7496367000276,None,3244.7496367000276,None,1.0,20.030675500049256,3244.7496367000276,None,"[-0.325, -0.35092592, 0.29074073, 0.5425926]","[-0.108333334, -0.29537037, -0.20092593, -0.44537038]","[1, 1, 1, 1]","[0, 0, 0, 0]","[0, 0, 0, 0]","[7.26738320000004, 8.535942199989222, 9.896572800003923, 10.59764739999082]",['Click_to_Continue_7'],10.022669679834507,None,3254.819375299965,None,,,,,005,001,2022-08-04_10h09.30.679,CSVTrial4,2022.1.3,59.015468536516664,
Question 16:,stim/Tp_D_CRN_M_N_nat00032_art00025_11427.jpg,"The AI system has determined that the above image is authentic.
Do you accept or deny this claim?",stim/Tp_D_CRN_M_N_nat00032_art00025_11427.jpg,,,,,,,,,,,,,,,,,,,,,,,,,,,,,0,15,15,15,,,,,,,,,,,,,,,,,,"Thursday, August 04, 2022 10:58:46",,,,,,,,,,,,,,,,,,,,,,,,,,,,,,"Thursday, August 04, 2022 10:59:11",,,,,,,,,,,,,,,,,,,,,,,,,,,,,,,,,,,,,,,,,,,,,,,,,,,,,,,,,,,,,,,,,,,,,,,,,,,,,,,,,,,,,,,,,,,,,,,,,,,,3255.3974582999945,3265.431893900037,3265.409449900035,None,1.0,21.77296629990451,3265.409449900035,None,1.0,23.613516899989918,3265.409449900035,None,3265.409449900035,None,2.0,24.603242599987425,3265.409449900035,None,"[-0.58981484, -0.57314813, -0.6472222, 0.40462962, 0.55925924]","[-0.087037034, -0.10277778, -0.3, -0.19722222, -0.4425926]","[1, 1, 1, 1, 1]","[0, 0, 0, 0, 0]","[0, 0, 0, 0, 0]","[10.805692999972962, 11.634178400039673, 13.484073400031775, 14.47523059998639, 15.289178099948913]",['Click_to_Continue_7'],10.018620659946464,None,3280.042366700014,None,,,,,005,001,2022-08-04_10h09.30.679,CSVTrial4,2022.1.3,59.015468536516664,
Question 17:,stim/Au_cha_30348.jpg,"The AI system has determined that the above image is not authentic.
Do you accept or deny this claim?",stim/image_based_Au_cha_30348.jpg.png,,,,,,,,,,,,,,,,,,,,,,,,,,,,,0,16,16,16,,,,,,,,,,,,,,,,,,"Thursday, August 04, 2022 10:59:11",,,,,,,,,,,,,,,,,,,,,,,,,,,,,,"Thursday, August 04, 2022 10:59:30",,,,,,,,,,,,,,,,,,,,,,,,,,,,,,,,,,,,,,,,,,,,,,,,,,,,,,,,,,,,,,,,,,,,,,,,,,,,,,,,,,,,,,,,,,,,,,,,,,,,3280.745736700017,3290.7855552999536,3290.758814300061,None,2.0,15.333350700093433,3290.758814300061,None,5.0,15.977245099958964,3290.758814300061,None,3290.758814300061,None,1.0,17.667428500019014,3290.758814300061,None,"[-0.3212963, -0.25277779, 0.28333333, 0.31203705, 0.5148148]","[-0.085185185, -0.29259259, -0.19351852, -0.19074073, -0.43148148]","[1, 1, 1, 1, 1]","[0, 0, 0, 0, 0]","[0, 0, 0, 0, 0]","[5.199537600041367, 5.842008000006899, 6.795923000085168, 7.564897499978542, 8.196227599983104]",['Click_to_Continue_7'],10.021717959898524,None,3298.444814700051,None,,,,,005,001,2022-08-04_10h09.30.679,CSVTrial4,2022.1.3,59.015468536516664,
Question 18:,stim/Au_nat_10124.jpg,"The AI system has determined that the above image is authentic.
Do you accept or deny this claim?",stim/Au_nat_10124.jpg,,,,,,,,,,,,,,,,,,,,,,,,,,,,,0,17,17,17,,,,,,,,,,,,,,,,,,"Thursday, August 04, 2022 10:59:30",,,,,,,,,,,,,,,,,,,,,,,,,,,,,,"Thursday, August 04, 2022 10:59:49",,,,,,,,,,,,,,,,,,,,,,,,,,,,,,,,,,,,,,,,,,,,,,,,,,,,,,,,,,,,,,,,,,,,,,,,,,,,,,,,,,,,,,,,,,,,,,,,,,,,3299.00048529997,3309.033747800044,3309.006707499968,None,1.0,16.400041199987754,3309.006707499968,None,5.0,17.44617680006195,3309.006707499968,None,3309.006707499968,None,3.0,18.486590999993496,3309.006707499968,None,"[-0.57314813, -0.25185186, 0.49444443, 0.5314815]","[-0.1, -0.28703704, -0.19814815, -0.45]","[1, 1, 1, 1]","[0, 0, 0, 0]","[0, 0, 0, 0]","[6.2856612000614405, 7.3187194999773055, 8.364733800059184, 9.071637600078247]",['Click_to_Continue_7'],10.016802659956738,None,3317.522400600021,None,,,,,005,001,2022-08-04_10h09.30.679,CSVTrial4,2022.1.3,59.015468536516664,
Question 19:,stim/Au_nat_10142.bmp,"The AI system has determined that the above image is authentic.
Do you accept or deny this claim?",stim/Au_nat_10142.bmp,,,,,,,,,,,,,,,,,,,,,,,,,,,,,0,18,18,18,,,,,,,,,,,,,,,,,,"Thursday, August 04, 2022 10:59:49",,,,,,,,,,,,,,,,,,,,,,,,,,,,,,"Thursday, August 04, 2022 11:00:11",,,,,,,,,,,,,,,,,,,,,,,,,,,,,,,,,,,,,,,,,,,,,,,,,,,,,,,,,,,,,,,,,,,,,,,,,,,,,,,,,,,,,,,,,,,,,,,,,,,,3318.1364412000403,3328.1771585999522,3328.151128700003,None,1.0,18.804483199957758,3328.151128700003,None,5.0,20.39863329997752,3328.151128700003,None,3328.151128700003,None,1.0,21.197064099949785,3328.151128700003,None,"[-0.57685184, -0.25555557, 0.30092594, 0.5555556]","[-0.1037037, -0.28796297, -0.20092593, -0.47314814]","[1, 1, 1, 1]","[0, 0, 0, 0]","[0, 0, 0, 0]","[8.625942700076848, 10.241506100050174, 11.085821900051087, 11.80074960005004]",['Click_to_Continue_7'],10.032580680097453,None,3339.37030770001,None,,,,,005,001,2022-08-04_10h09.30.679,CSVTrial4,2022.1.3,59.015468536516664,
,,,,,,,,,,,,,,,,,,,,,,,,,,,,,,,,,,,,,,,,,,,,,,,,,,,,,,,,,,,,,,,,,,,,,,,,,,,,,,,,,,,,4.0,2.0,2.0,2.0,3.0,3.0,2.0,2.0,3.0,2.0,2.0,1.0,,,,,,,,,,,,,,,,,,,,,,,,,,,,,,,,,,,,,,,,,,,,,,,,,,,,,,,,,,,,,,,,,,,,,,,,,,,,,,,,,,,,,,,,,,,,,,,,,,,,,,,,,,,,,,,,,,,,,3339.9726577999536,None,,,005,001,2022-08-04_10h09.30.679,CSVTrial4,2022.1.3,59.015468536516664,
,,,,,,,,,,,,,,,,,,,,,,,,,,,,,,,,,,,,,,,,,,,,,,,,,,,,,,,,,,,,,,,,,,,,,,,,,,,,,,,,,,,,,,,,,,,,,,,,2.0,3.0,3.0,2.0,2.0,2.0,2.0,1.0,1.0,1.0,1.0,,,,,,,,,,,,,,,,,,,,,,,,,,,,,,,,,,,,,,,,,,,,,,,,,,,,,,,,,,,,,,,,,,,,,,,,,,,,,,,,,,,,,,,,,,,,,,,,,,,,,,,,,,,,3417.250566200004,None,,,,,,,
