txtStim,stimFile,AI_Resp,ExplanationFile,Loop_1.thisRepN,Loop_1.thisTrialN,Loop_1.thisN,Loop_1.thisIndex,Loop_2.thisRepN,Loop_2.thisTrialN,Loop_2.thisN,Loop_2.thisIndex,Loop_3.thisRepN,Loop_3.thisTrialN,Loop_3.thisN,Loop_3.thisIndex,Loop_4.thisRepN,Loop_4.thisTrialN,Loop_4.thisN,Loop_4.thisIndex,trials.thisRepN,trials.thisTrialN,trials.thisN,trials.thisIndex,trials_2.thisRepN,trials_2.thisTrialN,trials_2.thisN,trials_2.thisIndex,trials_3.thisRepN,trials_3.thisTrialN,trials_3.thisN,trials_3.thisIndex,trials_4.thisRepN,trials_4.thisTrialN,trials_4.thisN,trials_4.thisIndex,trial_start,Feature_Intro_Txt.started,Feature_Intro_Txt.stopped,Question_Txt_3.started,Question_Txt_3.stopped,Accept_Deny_Button_3.response,Accept_Deny_Button_3.rt,Accept_Deny_Button_3.started,Accept_Deny_Button_3.stopped,ConfidenceSlider_3.response,ConfidenceSlider_3.rt,ConfidenceSlider_3.started,ConfidenceSlider_3.stopped,Experimental_Images_3.started,Experimental_Images_3.stopped,DenySlider_3.response,DenySlider_3.rt,DenySlider_3.started,DenySlider_3.stopped,Click_to_Continue_6.started,Click_to_Continue_6.stopped,trial_end,PresstoCont_8.started,PresstoCont_8.stopped,Q1_Slider.response,Q2_Slider.response,Q3_Slider.response,Q4_Slider.response,Q5_Slider.response,Q6_Slider.response,Q7_Slider.response,Q8_Slider.response,Q9_Slider.response,Q10_Slider.response,Q11_Slider.response,Q12_Slider.response,Q13_Slider.response,Q14_Slider.response,Q15_Slider.response,Q16_Slider.response,Q17_Slider.response,Q18_Slider.response,Q19_Slider.response,Q20_Slider.response,Q21_Slider.response,Q22_Slider.response,Q23_Slider.response,Text_Intro_Txt.started,Text_Intro_Txt.stopped,Question_Txt_5.started,Question_Txt_5.stopped,Accept_Deny_Button_5.response,Accept_Deny_Button_5.rt,Accept_Deny_Button_5.started,Accept_Deny_Button_5.stopped,ConfidenceSlider_5.response,ConfidenceSlider_5.rt,ConfidenceSlider_5.started,ConfidenceSlider_5.stopped,DenySlider_5.response,DenySlider_5.rt,DenySlider_5.started,DenySlider_5.stopped,mouse_8.x,mouse_8.y,mouse_8.leftButton,mouse_8.midButton,mouse_8.rightButton,mouse_8.time,mouse_8.clicked_name,mouse_8.started,mouse_8.stopped,Click_to_Continue_8.started,Click_to_Continue_8.stopped,Conversational_Intro_Txt.started,Conversational_Intro_Txt.stopped,Accept_Deny_Button.response,Accept_Deny_Button.rt,Accept_Deny_Button.started,Accept_Deny_Button.stopped,ConfidenceSlider.response,ConfidenceSlider.rt,ConfidenceSlider.started,ConfidenceSlider.stopped,Experimental_Images.started,Experimental_Images.stopped,DenySlider.response,DenySlider.rt,DenySlider.started,DenySlider.stopped,mouse.x,mouse.y,mouse.leftButton,mouse.midButton,mouse.rightButton,mouse.time,mouse.clicked_name,mouse.started,mouse.stopped,Click_to_Continue.started,Click_to_Continue.stopped,Image_Intro_Txt.started,Image_Intro_Txt.stopped,Question_Txt_4.started,Question_Txt_4.stopped,Accept_Deny_Button_4.response,Accept_Deny_Button_4.rt,Accept_Deny_Button_4.started,Accept_Deny_Button_4.stopped,ConfidenceSlider_4.response,ConfidenceSlider_4.rt,ConfidenceSlider_4.started,ConfidenceSlider_4.stopped,Experimental_Images_4.started,Experimental_Images_4.stopped,DenySlider_4.response,DenySlider_4.rt,DenySlider_4.started,DenySlider_4.stopped,mouse_7.x,mouse_7.y,mouse_7.leftButton,mouse_7.midButton,mouse_7.rightButton,mouse_7.time,mouse_7.clicked_name,mouse_7.started,mouse_7.stopped,Click_to_Continue_7.started,Click_to_Continue_7.stopped,PresstoCont_7.started,PresstoCont_7.stopped,Intro_Text.started,Intro_Text.stopped,Stim_slider.response,Stim_slider.rt,Stim_slider.started,Stim_slider.stopped,mouse_5.x,mouse_5.y,mouse_5.leftButton,mouse_5.midButton,mouse_5.rightButton,mouse_5.time,mouse_5.clicked_name,mouse_5.started,mouse_5.stopped,Click_to_Continue_5.started,Click_to_Continue_5.stopped,Choice_3_Intro_Txt.started,Choice_3_Intro_Txt.stopped,Question_Txt_8.started,Question_Txt_8.stopped,Accept_Deny_Button_8.response,Accept_Deny_Button_8.rt,Accept_Deny_Button_8.started,Accept_Deny_Button_8.stopped,ConfidenceSlider_8.response,ConfidenceSlider_8.rt,ConfidenceSlider_8.started,ConfidenceSlider_8.stopped,Experimental_Images_8.started,Experimental_Images_8.stopped,DenySlider_8.response,DenySlider_8.rt,DenySlider_8.started,DenySlider_8.stopped,mouse_11.x,mouse_11.y,mouse_11.leftButton,mouse_11.midButton,mouse_11.rightButton,mouse_11.time,mouse_11.clicked_name,mouse_11.started,mouse_11.stopped,Click_to_Continue_11.started,Click_to_Continue_11.stopped,end_Txt.started,end_Txt.stopped,participant,session,date,expName,psychopyVersion,frameRate,
,,,,,,,,,,,,,,,,,,,,,,,,,,,,,,,,,,,,,,,,,,,,,,,,,,,,,,,,,,,,,,,,,,,,,,,,,,,,,,,,,,,,,,,,,,,,,,,,,,,,,,,,,,,,,,,,,,,,,,,,,,,,,,,,,,,,,,,,,,,,,,,,,,,,,,,,,,,,,,,,,,,,,,,,,,,,,,,,,,,,,,,,,,,,,,,,,,,,,,,,,,,,,,,,,,,,,,,,002,001,2022-07-26_13h13.38.321,CSVTrial2,2022.1.3,60.06428079417748,
Question 1:,stim/Au_ani_00001.jpg,"The AI system has determined that the above image is authentic. 
Do you accept or deny this claim?",stim/feature_based_Au_ani_00001.jpg.png,0,0,0,0,,,,,,,,,,,,,,,,,,,,,,,,,,,,,"Tuesday, July 26, 2022 01:15:02",951.1351876000008,961.1983538999993,961.1733712999994,None,1.0,26.320599700000457,961.1733712999994,None,5.0,28.41787580000164,961.1733712999994,None,961.1733712999994,None,3.0,38.58813100000043,961.1733712999994,None,989.7611365000012,None,"Tuesday, July 26, 2022 01:15:42",,,,,,,,,,,,,,,,,,,,,,,,,,,,,,,,,,,,,,,,,,,,,,,,,,,,,,,,,,,,,,,,,,,,,,,,,,,,,,,,,,,,,,,,,,,,,,,,,,,,,,,,,,,,,,,,,,,,,,,,,,,,,,,,,,,,,,,,,,,,,,,,,,,,,,,,,,,,,,,002,001,2022-07-26_13h13.38.321,CSVTrial2,2022.1.3,60.06428079417748,
Question 2:,stim/Tp_D_CNN_S_B_ind00018_ind00089_00007.tif,"The AI system has determined that the above image is authentic. 
Do you accept or deny this claim?",stim/feature_based_Tp_D_CNN_S_B_ind00018_ind00089_00007.tif.png,0,1,1,1,,,,,,,,,,,,,,,,,,,,,,,,,,,,,"Tuesday, July 26, 2022 01:15:42",990.7165492999993,1000.762211199999,1000.7354143999983,None,2.0,33.927463400003035,1000.7354143999983,None,2.0,34.933146499999566,1000.7354143999983,None,1000.7354143999983,None,1.0,43.37050689999887,1000.7354143999983,None,1034.1202862999999,None,"Tuesday, July 26, 2022 01:16:26",,,,,,,,,,,,,,,,,,,,,,,,,,,,,,,,,,,,,,,,,,,,,,,,,,,,,,,,,,,,,,,,,,,,,,,,,,,,,,,,,,,,,,,,,,,,,,,,,,,,,,,,,,,,,,,,,,,,,,,,,,,,,,,,,,,,,,,,,,,,,,,,,,,,,,,,,,,,,,,002,001,2022-07-26_13h13.38.321,CSVTrial2,2022.1.3,60.06428079417748,
Question 3:,stim/Au_ani_00003.jpg,"The AI system has determined that the above image is authentic.
Do you accept or deny this claim?",stim/feature_based_Au_ani_00003.jpg.png,0,2,2,2,,,,,,,,,,,,,,,,,,,,,,,,,,,,,"Tuesday, July 26, 2022 01:16:26",1035.3045104000012,1045.3364469000007,1045.3116105000008,None,1.0,18.53689800000211,1045.3116105000008,None,5.0,24.01476410000032,1045.3116105000008,None,1045.3116105000008,None,1.0,25.850025199997617,1045.3116105000008,None,1061.1894910999981,None,"Tuesday, July 26, 2022 01:17:04",,,,,,,,,,,,,,,,,,,,,,,,,,,,,,,,,,,,,,,,,,,,,,,,,,,,,,,,,,,,,,,,,,,,,,,,,,,,,,,,,,,,,,,,,,,,,,,,,,,,,,,,,,,,,,,,,,,,,,,,,,,,,,,,,,,,,,,,,,,,,,,,,,,,,,,,,,,,,,,002,001,2022-07-26_13h13.38.321,CSVTrial2,2022.1.3,60.06428079417748,
Question 4:,stim/Au_ani_00005.jpg,"The AI system has determined that the above image is authentic.
Do you accept or deny this claim?",stim/feature_based_Au_ani_00005.jpg.png,0,3,3,3,,,,,,,,,,,,,,,,,,,,,,,,,,,,,"Tuesday, July 26, 2022 01:17:04",1073.0884054999988,1083.1203915999977,1083.0954063999998,None,2.0,34.453450500001054,1083.0954063999998,None,3.0,36.27174559999912,1083.0954063999998,None,1083.0954063999998,None,3.0,56.107726000002,1083.0954063999998,None,1129.2290527999976,None,"Tuesday, July 26, 2022 01:18:01",,,,,,,,,,,,,,,,,,,,,,,,,,,,,,,,,,,,,,,,,,,,,,,,,,,,,,,,,,,,,,,,,,,,,,,,,,,,,,,,,,,,,,,,,,,,,,,,,,,,,,,,,,,,,,,,,,,,,,,,,,,,,,,,,,,,,,,,,,,,,,,,,,,,,,,,,,,,,,,002,001,2022-07-26_13h13.38.321,CSVTrial2,2022.1.3,60.06428079417748,
Question 5:,stim/Tp_D_CND_M_N_art00076_art00077_10289.tif,"The AI system has determined that the above image is not authentic.
Do you accept or deny this claim?",stim/feature_based_Tp_D_CND_M_N_art00076_art00077_10289.tif.png,0,4,4,4,,,,,,,,,,,,,,,,,,,,,,,,,,,,,"Tuesday, July 26, 2022 01:18:01",1130.4752952999988,1140.520498400001,1140.493330199999,None,1.0,47.61539840000114,1140.493330199999,None,4.0,49.02309049999894,1140.493330199999,None,1140.493330199999,None,1.0,52.953752900000836,1140.493330199999,None,1183.4659415999995,None,"Tuesday, July 26, 2022 01:18:55",,,,,,,,,,,,,,,,,,,,,,,,,,,,,,,,,,,,,,,,,,,,,,,,,,,,,,,,,,,,,,,,,,,,,,,,,,,,,,,,,,,,,,,,,,,,,,,,,,,,,,,,,,,,,,,,,,,,,,,,,,,,,,,,,,,,,,,,,,,,,,,,,,,,,,,,,,,,,,,002,001,2022-07-26_13h13.38.321,CSVTrial2,2022.1.3,60.06428079417748,
Question 6:,stim/Tp_D_CND_M_N_art00077_art00076_10290.tif,"The AI system has determined that the above image is not authentic.
Do you accept or deny this claim?",stim/feature_based_Tp_D_CND_M_N_art00077_art00076_10290.tif.png,0,5,5,5,,,,,,,,,,,,,,,,,,,,,,,,,,,,,"Tuesday, July 26, 2022 01:18:55",1184.2973550999995,1194.3310921999982,1194.305227599998,None,1.0,42.99112999999852,1194.305227599998,None,3.0,44.27479999999923,1194.305227599998,None,1194.305227599998,None,3.0,47.47951219999959,1194.305227599998,None,1231.8155866999987,None,"Tuesday, July 26, 2022 01:19:43",,,,,,,,,,,,,,,,,,,,,,,,,,,,,,,,,,,,,,,,,,,,,,,,,,,,,,,,,,,,,,,,,,,,,,,,,,,,,,,,,,,,,,,,,,,,,,,,,,,,,,,,,,,,,,,,,,,,,,,,,,,,,,,,,,,,,,,,,,,,,,,,,,,,,,,,,,,,,,,002,001,2022-07-26_13h13.38.321,CSVTrial2,2022.1.3,60.06428079417748,
Question 7:,stim/Au_ani_00017.jpg,"The AI system has determined that the above image is authentic.
Do you accept or deny this claim?",stim/feature_based_Au_ani_00017.jpg.png,0,6,6,6,,,,,,,,,,,,,,,,,,,,,,,,,,,,,"Tuesday, July 26, 2022 01:19:43",1232.3636125000012,1242.4024662999982,1242.3711614999993,None,2.0,27.08504339999854,1242.3711614999993,None,1.0,51.09771120000005,1242.3711614999993,None,1242.3711614999993,None,1.0,53.1766592999993,1242.3711614999993,None,1285.5728180000006,None,"Tuesday, July 26, 2022 01:20:37",,,,,,,,,,,,,,,,,,,,,,,,,,,,,,,,,,,,,,,,,,,,,,,,,,,,,,,,,,,,,,,,,,,,,,,,,,,,,,,,,,,,,,,,,,,,,,,,,,,,,,,,,,,,,,,,,,,,,,,,,,,,,,,,,,,,,,,,,,,,,,,,,,,,,,,,,,,,,,,002,001,2022-07-26_13h13.38.321,CSVTrial2,2022.1.3,60.06428079417748,
Question 8:,stim/Tp_D_CND_M_N_ani00018_sec00096_00138.tif,"The AI system has determined that the above image is authentic.
Do you accept or deny this claim?",stim/feature_based_Tp_D_CND_M_N_ani00018_sec00096_00138.tif.png,0,7,7,7,,,,,,,,,,,,,,,,,,,,,,,,,,,,,"Tuesday, July 26, 2022 01:20:37",1286.3719878999982,1296.423278899998,1296.3868732999981,None,1.0,18.8773895000013,1296.3868732999981,None,4.0,22.049180800000613,1296.3868732999981,None,1296.3868732999981,None,3.0,34.85964479999893,1296.3868732999981,None,1321.2672980999996,None,"Tuesday, July 26, 2022 01:21:13",,,,,,,,,,,,,,,,,,,,,,,,,,,,,,,,,,,,,,,,,,,,,,,,,,,,,,,,,,,,,,,,,,,,,,,,,,,,,,,,,,,,,,,,,,,,,,,,,,,,,,,,,,,,,,,,,,,,,,,,,,,,,,,,,,,,,,,,,,,,,,,,,,,,,,,,,,,,,,,002,001,2022-07-26_13h13.38.321,CSVTrial2,2022.1.3,60.06428079417748,
Question 9:,stim/Au_txt_00005.jpg,"The AI system has determined that the above image is not authentic.
Do you accept or deny this claim?",stim/feature_based_Au_txt_00005.jpg.png,0,8,8,8,,,,,,,,,,,,,,,,,,,,,,,,,,,,,"Tuesday, July 26, 2022 01:21:13",1321.9944759999998,1332.0363515999998,1332.0098476999992,None,2.0,34.31209100000342,1332.0098476999992,None,4.0,27.400689899997815,1332.0098476999992,None,1332.0098476999992,None,1.0,44.09834449999835,1332.0098476999992,None,1366.1247081000001,None,"Tuesday, July 26, 2022 01:22:02",,,,,,,,,,,,,,,,,,,,,,,,,,,,,,,,,,,,,,,,,,,,,,,,,,,,,,,,,,,,,,,,,,,,,,,,,,,,,,,,,,,,,,,,,,,,,,,,,,,,,,,,,,,,,,,,,,,,,,,,,,,,,,,,,,,,,,,,,,,,,,,,,,,,,,,,,,,,,,,002,001,2022-07-26_13h13.38.321,CSVTrial2,2022.1.3,60.06428079417748,
Question 10:,stim/Tp_D_CND_S_N_ind00078_ind00077_00476.tif,"The AI system has determined that the above image is not authentic.
Do you accept or deny this claim?",stim/feature_based_Tp_D_CND_S_N_ind00078_ind00077_00476.tif.png,0,9,9,9,,,,,,,,,,,,,,,,,,,,,,,,,,,,,"Tuesday, July 26, 2022 01:22:02",1370.889366899999,1380.9385527999984,1380.9124536999989,None,2.0,17.77934120000282,1380.9124536999989,None,5.0,36.52257879999888,1380.9124536999989,None,1380.9124536999989,None,1.0,38.91776419999951,1380.9124536999989,None,1409.8432313999983,None,"Tuesday, July 26, 2022 01:22:58",,,,,,,,,,,,,,,,,,,,,,,,,,,,,,,,,,,,,,,,,,,,,,,,,,,,,,,,,,,,,,,,,,,,,,,,,,,,,,,,,,,,,,,,,,,,,,,,,,,,,,,,,,,,,,,,,,,,,,,,,,,,,,,,,,,,,,,,,,,,,,,,,,,,,,,,,,,,,,,002,001,2022-07-26_13h13.38.321,CSVTrial2,2022.1.3,60.06428079417748,
Question 11:,stim/Au_ani_00021.jpg,"The AI system has determined that the above image is authentic.
Do you accept or deny this claim?",stim/feature_based_Au_ani_00021.jpg.png,0,10,10,10,,,,,,,,,,,,,,,,,,,,,,,,,,,,,"Tuesday, July 26, 2022 01:22:58",1427.3329768000003,1437.3888262,1437.3520960999995,None,1.0,20.39893200000006,1437.3520960999995,None,4.0,29.58142130000124,1437.3520960999995,None,1437.3520960999995,None,3.0,44.739010000001144,1437.3520960999995,None,1472.110134399998,None,"Tuesday, July 26, 2022 01:23:46",,,,,,,,,,,,,,,,,,,,,,,,,,,,,,,,,,,,,,,,,,,,,,,,,,,,,,,,,,,,,,,,,,,,,,,,,,,,,,,,,,,,,,,,,,,,,,,,,,,,,,,,,,,,,,,,,,,,,,,,,,,,,,,,,,,,,,,,,,,,,,,,,,,,,,,,,,,,,,,002,001,2022-07-26_13h13.38.321,CSVTrial2,2022.1.3,60.06428079417748,
Question 12:,stim/Tp_D_CND_S_N_txt00028_txt00006_10848.jpg,"The AI system has determined that the above image is not authentic.
Do you accept or deny this claim?",stim/feature_based_Tp_D_CND_S_N_txt00028_txt00006_10848.jpg.png,0,11,11,11,,,,,,,,,,,,,,,,,,,,,,,,,,,,,"Tuesday, July 26, 2022 01:23:46",1475.210517200001,1485.2373993,1485.2120453999996,None,1.0,34.00847910000084,1485.2120453999996,None,5.0,37.91677920000075,1485.2120453999996,None,1485.2120453999996,None,1.0,41.21018770000228,1485.2120453999996,None,1516.452326499999,None,"Tuesday, July 26, 2022 01:24:33",,,,,,,,,,,,,,,,,,,,,,,,,,,,,,,,,,,,,,,,,,,,,,,,,,,,,,,,,,,,,,,,,,,,,,,,,,,,,,,,,,,,,,,,,,,,,,,,,,,,,,,,,,,,,,,,,,,,,,,,,,,,,,,,,,,,,,,,,,,,,,,,,,,,,,,,,,,,,,,002,001,2022-07-26_13h13.38.321,CSVTrial2,2022.1.3,60.06428079417748,
Question 13:,stim/Tp_D_CNN_M_N_txt00049_txt00050_10374.tif,"The AI system has determined that the above image is authentic.
Do you accept or deny this claim?",stim/feature_based_Tp_D_CNN_M_N_txt00049_txt00050_10374.tif.png,0,12,12,12,,,,,,,,,,,,,,,,,,,,,,,,,,,,,"Tuesday, July 26, 2022 01:24:33",1521.9445917999983,1531.9617976000009,1531.9617976000009,None,2.0,49.46972900000037,1531.9617976000009,None,4.0,50.299350199999026,1531.9617976000009,None,1531.9617976000009,None,1.0,52.7415359000006,1531.9617976000009,None,1574.7185699000001,None,"Tuesday, July 26, 2022 01:25:27",,,,,,,,,,,,,,,,,,,,,,,,,,,,,,,,,,,,,,,,,,,,,,,,,,,,,,,,,,,,,,,,,,,,,,,,,,,,,,,,,,,,,,,,,,,,,,,,,,,,,,,,,,,,,,,,,,,,,,,,,,,,,,,,,,,,,,,,,,,,,,,,,,,,,,,,,,,,,,,002,001,2022-07-26_13h13.38.321,CSVTrial2,2022.1.3,60.06428079417748,
Question 14:,stim/Au_txt_00038.jpg,"The AI system has determined that the above image is not authentic.
Do you accept or deny this claim?",stim/feature_based_Au_txt_00038.jpg.png,0,13,13,13,,,,,,,,,,,,,,,,,,,,,,,,,,,,,"Tuesday, July 26, 2022 01:25:27",1575.7171880999995,1585.7612678999976,1585.7299026,None,1.0,17.23063159999947,1585.7299026,None,5.0,19.192750400001387,1585.7299026,None,1585.7299026,None,1.0,22.373214199997165,1585.7299026,None,1598.125385700001,None,"Tuesday, July 26, 2022 01:25:50",,,,,,,,,,,,,,,,,,,,,,,,,,,,,,,,,,,,,,,,,,,,,,,,,,,,,,,,,,,,,,,,,,,,,,,,,,,,,,,,,,,,,,,,,,,,,,,,,,,,,,,,,,,,,,,,,,,,,,,,,,,,,,,,,,,,,,,,,,,,,,,,,,,,,,,,,,,,,,,002,001,2022-07-26_13h13.38.321,CSVTrial2,2022.1.3,60.06428079417748,
Question 15:,stim/Tp_D_CNN_M_N_nat10139_nat00095_11947.jpg.png,"The AI system has determined that the above image is not authentic.
Do you accept or deny this claim?",stim/feature_based_Tp_D_CNN_M_N_nat10139_nat00095_11947.jpg.png,0,14,14,14,,,,,,,,,,,,,,,,,,,,,,,,,,,,,"Tuesday, July 26, 2022 01:25:50",1598.9517811000005,1609.0012779999997,1608.9657470999991,None,2.0,35.29445199999827,1608.9657470999991,None,3.0,37.182387000000745,1608.9657470999991,None,1608.9657470999991,None,3.0,41.519840699998895,1608.9657470999991,None,1640.5039572999995,None,"Tuesday, July 26, 2022 01:26:38",,,,,,,,,,,,,,,,,,,,,,,,,,,,,,,,,,,,,,,,,,,,,,,,,,,,,,,,,,,,,,,,,,,,,,,,,,,,,,,,,,,,,,,,,,,,,,,,,,,,,,,,,,,,,,,,,,,,,,,,,,,,,,,,,,,,,,,,,,,,,,,,,,,,,,,,,,,,,,,002,001,2022-07-26_13h13.38.321,CSVTrial2,2022.1.3,60.06428079417748,
Question 16:,stim/Au_ani_00023.jpg,"The AI system has determined that the above image is authentic.
Do you accept or deny this claim?",stim/feature_based_Au_ani_00023.jpg.png,0,15,15,15,,,,,,,,,,,,,,,,,,,,,,,,,,,,,"Tuesday, July 26, 2022 01:26:38",1647.5398712999995,1657.5594640999989,1657.5594640999989,None,1.0,13.604857399997854,1657.5594640999989,None,5.0,17.674405599998863,1657.5594640999989,None,1657.5594640999989,None,1.0,20.32153190000099,1657.5594640999989,None,1667.9037222999978,None,"Tuesday, July 26, 2022 01:27:01",,,,,,,,,,,,,,,,,,,,,,,,,,,,,,,,,,,,,,,,,,,,,,,,,,,,,,,,,,,,,,,,,,,,,,,,,,,,,,,,,,,,,,,,,,,,,,,,,,,,,,,,,,,,,,,,,,,,,,,,,,,,,,,,,,,,,,,,,,,,,,,,,,,,,,,,,,,,,,,002,001,2022-07-26_13h13.38.321,CSVTrial2,2022.1.3,60.06428079417748,
Question 17:,stim/Tp_D_CNN_M_N_sec10110_sec10101_10298.tif.png,"The AI system has determined that the above image is not authentic.
Do you accept or deny this claim?",stim/feature_based_Tp_D_CNN_M_N_sec10110_sec10101_10298.tif.png,0,16,16,16,,,,,,,,,,,,,,,,,,,,,,,,,,,,,"Tuesday, July 26, 2022 01:27:01",1669.8623407999985,1679.9061282000002,1679.879022000001,None,1.0,45.62459669999953,1679.879022000001,None,4.0,46.85401869999987,1679.879022000001,None,1679.879022000001,None,2.0,50.66785680000248,1679.879022000001,None,1720.5653120999996,None,"Tuesday, July 26, 2022 01:27:52",,,,,,,,,,,,,,,,,,,,,,,,,,,,,,,,,,,,,,,,,,,,,,,,,,,,,,,,,,,,,,,,,,,,,,,,,,,,,,,,,,,,,,,,,,,,,,,,,,,,,,,,,,,,,,,,,,,,,,,,,,,,,,,,,,,,,,,,,,,,,,,,,,,,,,,,,,,,,,,002,001,2022-07-26_13h13.38.321,CSVTrial2,2022.1.3,60.06428079417748,
Question 18:,stim/Au_txt_00042.jpg,"The AI system has determined that the above image is not authentic.
Do you accept or deny this claim?",stim/feature_based_Au_txt_00042.jpg.png,0,17,17,17,,,,,,,,,,,,,,,,,,,,,,,,,,,,,"Tuesday, July 26, 2022 01:27:52",1721.344712099999,1731.3842931,1731.3578744999977,None,1.0,34.87844640000185,1731.3578744999977,None,2.0,36.63595720000012,1731.3578744999977,None,1731.3578744999977,None,2.0,38.590486999997665,1731.3578744999977,None,1759.972238899998,None,"Tuesday, July 26, 2022 01:28:32",,,,,,,,,,,,,,,,,,,,,,,,,,,,,,,,,,,,,,,,,,,,,,,,,,,,,,,,,,,,,,,,,,,,,,,,,,,,,,,,,,,,,,,,,,,,,,,,,,,,,,,,,,,,,,,,,,,,,,,,,,,,,,,,,,,,,,,,,,,,,,,,,,,,,,,,,,,,,,,002,001,2022-07-26_13h13.38.321,CSVTrial2,2022.1.3,60.06428079417748,
,,,,,,,,,,,,,,,,,,,,,,,,,,,,,,,,,,,,,,,,,,,,,,,,,,,,,,,,,,1760.8344202999979,None,3.0,4.0,2.0,2.0,3.0,3.0,4.0,2.0,3.0,2.0,5.0,5.0,,,,,,,,,,,,,,,,,,,,,,,,,,,,,,,,,,,,,,,,,,,,,,,,,,,,,,,,,,,,,,,,,,,,,,,,,,,,,,,,,,,,,,,,,,,,,,,,,,,,,,,,,,,,,,,,,,,,,,,,,,,,,,,,,,,,,,,,,,,,,,,,,002,001,2022-07-26_13h13.38.321,CSVTrial2,2022.1.3,60.06428079417748,
Question 1:,stim/Au_ani_00027.jpg.png,"The AI system has determined that the above image is authentic. 
Do you accept or deny this claim?",stim/text_based_Au_ani_00027.jpg.png,,,,,0,0,0,0,,,,,,,,,,,,,,,,,,,,,,,,,"Tuesday, July 26, 2022 01:32:41",,,,,,,,,,,,,,,,,,,,,"Tuesday, July 26, 2022 01:33:12",,,,,,,,,,,,,,,4.0,4.0,4.0,4.0,1.0,4.0,3.0,4.0,4.0,2.0,3.0,2010.322554800001,2020.3927675999985,2020.3645677999993,None,1.0,15.065651400000206,2020.3645677999993,None,5.0,28.13988000000245,2020.3645677999993,None,1.0,29.76715520000289,2020.3645677999993,None,"[-0.5638889, -0.24074075, 0.29259259, 0.5462963]","[-0.10555556, -0.3074074, -0.19722222, -0.43333334]","[1, 1, 1, 1]","[0, 0, 0, 0]","[0, 0, 0, 0]","[4.789090100002795, 17.959381700002268, 19.6221108000027, 20.41218520000257]",['Click_to_Continue_8'],10.053528479998931,None,2040.119971199998,None,,,,,,,,,,,,,,,,,,,,,,,,,,,,,,,,,,,,,,,,,,,,,,,,,,,,,,,,,,,,,,,,,,,,,,,,,,,,,,,,,,,,,,,,,,,,,,,,,,,,,,,,,,,002,001,2022-07-26_13h13.38.321,CSVTrial2,2022.1.3,60.06428079417748,
Question 2:,stim/Au_cha_30523.jpg,"The AI system has determined that the above image is not authentic. 
Do you accept or deny this claim?",stim/text_based_Au_cha_30523.jpg.png,,,,,0,1,1,1,,,,,,,,,,,,,,,,,,,,,,,,,"Tuesday, July 26, 2022 01:33:12",,,,,,,,,,,,,,,,,,,,,"Tuesday, July 26, 2022 01:33:45",,,,,,,,,,,,,,,,,,,,,,,,,,2040.8200351999985,2050.8620593999985,2050.8316355999996,None,1.0,28.204576500000258,2050.8316355999996,None,4.0,29.802320900002087,2050.8316355999996,None,3.0,32.637130800001614,2050.8316355999996,None,"[-0.5703704, -0.35277778, 0.49537036, 0.5675926]","[-0.098148145, -0.29166666, -0.19259259, -0.4462963]","[1, 1, 1, 1]","[0, 0, 0, 0]","[0, 0, 0, 0]","[18.032745999997132, 19.626737599999615, 22.437630299999, 23.220608699997683]",['Click_to_Continue_8'],10.026755779999803,None,2073.4925068999983,None,,,,,,,,,,,,,,,,,,,,,,,,,,,,,,,,,,,,,,,,,,,,,,,,,,,,,,,,,,,,,,,,,,,,,,,,,,,,,,,,,,,,,,,,,,,,,,,,,,,,,,,,,,,002,001,2022-07-26_13h13.38.321,CSVTrial2,2022.1.3,60.06428079417748,
Question 3:,stim/Au_ani_00031.jpg.png,"The AI system has determined that the above image is authentic.
Do you accept or deny this claim?",stim/text_based_Au_ani_00031.jpg.png,,,,,0,2,2,2,,,,,,,,,,,,,,,,,,,,,,,,,"Tuesday, July 26, 2022 01:33:45",,,,,,,,,,,,,,,,,,,,,"Tuesday, July 26, 2022 01:34:28",,,,,,,,,,,,,,,,,,,,,,,,,,2074.097789399999,2084.1453908000003,2084.110648400001,None,1.0,19.576274600000033,2084.110648400001,None,5.0,22.206821800002217,2084.110648400001,None,1.0,42.66364450000037,2084.110648400001,None,"[-0.587037, -0.25555557, 0.3037037, 0.53518516]","[-0.106481485, -0.29074073, -0.19537038, -0.4537037]","[1, 1, 1, 1]","[0, 0, 0, 0]","[0, 0, 0, 0]","[9.46630119999827, 12.042908700001135, 32.55313190000015, 33.46582000000126]",['Click_to_Continue_8'],10.0251768800008,None,2116.7975277000005,None,,,,,,,,,,,,,,,,,,,,,,,,,,,,,,,,,,,,,,,,,,,,,,,,,,,,,,,,,,,,,,,,,,,,,,,,,,,,,,,,,,,,,,,,,,,,,,,,,,,,,,,,,,,002,001,2022-07-26_13h13.38.321,CSVTrial2,2022.1.3,60.06428079417748,
Question 4:,stim/Tp_D_CNN_S_N_cha10172_cha10171_12283.jpg,"The AI system has determined that the above image is not authentic.
Do you accept or deny this claim?",stim/text_based_Tp_D_CNN_S_N_cha10172_cha10171_12283.jpg.png,,,,,0,3,3,3,,,,,,,,,,,,,,,,,,,,,,,,,"Tuesday, July 26, 2022 01:34:29",,,,,,,,,,,,,,,,,,,,,"Tuesday, July 26, 2022 01:35:37",,,,,,,,,,,,,,,,,,,,,,,,,,2117.6536834,2127.686694199998,2127.6605710000003,None,1.0,63.29505820000122,2127.6605710000003,None,4.0,64.98048840000047,2127.6605710000003,None,3.0,67.14861490000112,2127.6605710000003,None,"[-0.56666666, -0.34907407, 0.49351853, 0.57314813]","[-0.08981481, -0.29259259, -0.19444445, -0.45185184]","[1, 1, 1, 1]","[0, 0, 0, 0]","[0, 0, 0, 0]","[53.0950617999988, 54.737689300000056, 57.011448799999926, 58.802708999999595]",['Click_to_Continue_8'],10.021876800001337,None,2184.843406,None,,,,,,,,,,,,,,,,,,,,,,,,,,,,,,,,,,,,,,,,,,,,,,,,,,,,,,,,,,,,,,,,,,,,,,,,,,,,,,,,,,,,,,,,,,,,,,,,,,,,,,,,,,,002,001,2022-07-26_13h13.38.321,CSVTrial2,2022.1.3,60.06428079417748,
Question 5:,stim/Tp_D_CNN_S_N_sec00042_ani00078_10495.tif,"The AI system has determined that the above image is not authentic.
Do you accept or deny this claim?",stim/text_based_Tp_D_CNN_S_N_sec00042_ani00078_10495.tif.png,,,,,0,4,4,4,,,,,,,,,,,,,,,,,,,,,,,,,"Tuesday, July 26, 2022 01:35:37",,,,,,,,,,,,,,,,,,,,,"Tuesday, July 26, 2022 01:36:16",,,,,,,,,,,,,,,,,,,,,,,,,,2186.508331599998,2196.5565637,2196.5242311,None,2.0,14.92625770000086,2196.5242311,None,4.0,18.77483199999915,2196.5242311,None,3.0,36.40218739999909,2196.5242311,None,"[-0.32685184, -0.35, 0.50555557, 0.55833334]","[-0.10185185, -0.3, -0.19351852, -0.4398148]","[1, 1, 1, 1]","[0, 0, 0, 0]","[0, 0, 0, 0]","[4.736389400000917, 8.602257200000167, 26.32016940000176, 28.925069500000973]",['Click_to_Continue_8'],10.027482679997775,None,2222.952188899999,None,,,,,,,,,,,,,,,,,,,,,,,,,,,,,,,,,,,,,,,,,,,,,,,,,,,,,,,,,,,,,,,,,,,,,,,,,,,,,,,,,,,,,,,,,,,,,,,,,,,,,,,,,,,002,001,2022-07-26_13h13.38.321,CSVTrial2,2022.1.3,60.06428079417748,
Question 6:,stim/Au_ani_00033.jpg,"The AI system has determined that the above image is authentic.
Do you accept or deny this claim?",stim/text_based_Au_ani_00033.jpg.png,,,,,0,5,5,5,,,,,,,,,,,,,,,,,,,,,,,,,"Tuesday, July 26, 2022 01:36:16",,,,,,,,,,,,,,,,,,,,,"Tuesday, July 26, 2022 01:36:52",,,,,,,,,,,,,,,,,,,,,,,,,,2225.5047030999995,2235.5387766999993,2235.5120934999977,None,1.0,14.595597100000305,2235.5120934999977,None,5.0,16.221075800000108,2235.5120934999977,None,1.0,34.63702679999915,2235.5120934999977,None,"[-0.5787037, -0.2212963, -0.25277779, 0.28703704, 0.30648148, 0.5833333]","[-0.10462963, -0.29722223, -0.2888889, -0.19351852, -0.17777778, -0.4398148]","[1, 1, 1, 1, 1, 1]","[0, 0, 0, 0, 0, 0]","[0, 0, 0, 0, 0, 0]","[4.415843199996743, 5.259510799998679, 6.041642299998784, 23.534860599997046, 24.503496899997117, 25.687698399997316]",['Click_to_Continue_8'],10.02468374000091,None,2260.1758668,None,,,,,,,,,,,,,,,,,,,,,,,,,,,,,,,,,,,,,,,,,,,,,,,,,,,,,,,,,,,,,,,,,,,,,,,,,,,,,,,,,,,,,,,,,,,,,,,,,,,,,,,,,,,002,001,2022-07-26_13h13.38.321,CSVTrial2,2022.1.3,60.06428079417748,
Question 7:,stim/Tp_D_CRD_S_N_ind00074_cha00049_00474.tif,"The AI system has determined that the above image is authentic.
Do you accept or deny this claim?",stim/text_based_Tp_D_CRD_S_N_ind00074_cha00049_00474.tif.png,,,,,0,6,6,6,,,,,,,,,,,,,,,,,,,,,,,,,"Tuesday, July 26, 2022 01:36:52",,,,,,,,,,,,,,,,,,,,,"Tuesday, July 26, 2022 01:37:44",,,,,,,,,,,,,,,,,,,,,,,,,,2261.247245399998,2271.2703761999983,2271.2703761999983,None,2.0,36.917486300000746,2271.2703761999983,None,5.0,38.290191699998104,2271.2703761999983,None,1.0,40.95776660000047,2271.2703761999983,None,"[-0.3175926, -0.23425926, 0.3, 0.53981483]","[-0.10185185, -0.2935185, -0.19814815, -0.4564815]","[1, 1, 1, 1]","[0, 0, 0, 0]","[0, 0, 0, 0]","[26.800101600001653, 28.111598100000265, 30.812328899999557, 41.85350060000201]",['Click_to_Continue_8'],10.031016680000903,None,2302.240472900001,None,,,,,,,,,,,,,,,,,,,,,,,,,,,,,,,,,,,,,,,,,,,,,,,,,,,,,,,,,,,,,,,,,,,,,,,,,,,,,,,,,,,,,,,,,,,,,,,,,,,,,,,,,,,002,001,2022-07-26_13h13.38.321,CSVTrial2,2022.1.3,60.06428079417748,
Question 8:,stim/Au_cha_30677.jpg,"The AI system has determined that the above image is not authentic.
Do you accept or deny this claim?",stim/text_based_Au_cha_30677.jpg.png,,,,,0,7,7,7,,,,,,,,,,,,,,,,,,,,,,,,,"Tuesday, July 26, 2022 01:37:44",,,,,,,,,,,,,,,,,,,,,"Tuesday, July 26, 2022 01:38:24",,,,,,,,,,,,,,,,,,,,,,,,,,2313.177297099999,2323.2163535,2323.1894345,None,2.0,20.657278999999107,2323.1894345,None,4.0,21.43887689999974,2323.1894345,None,3.0,39.59787579999829,2323.1894345,None,"[-0.32222223, -0.34814814, 0.4925926, 0.51111114]","[-0.108333334, -0.29907408, -0.20462963, -0.44166666]","[1, 1, 1, 1]","[0, 0, 0, 0]","[0, 0, 0, 0]","[10.500471699997433, 11.300891799997771, 29.47814759999892, 30.223340999997163]",['Click_to_Continue_8'],10.031375940005091,None,2352.8115156999993,None,,,,,,,,,,,,,,,,,,,,,,,,,,,,,,,,,,,,,,,,,,,,,,,,,,,,,,,,,,,,,,,,,,,,,,,,,,,,,,,,,,,,,,,,,,,,,,,,,,,,,,,,,,,002,001,2022-07-26_13h13.38.321,CSVTrial2,2022.1.3,60.06428079417748,
Question 9:,stim/Tp_D_CRN_M_N_arc00008_nat10122_11773.jpg,"The AI system has determined that the above image is not authentic.
Do you accept or deny this claim?",stim/text_based_Tp_D_CRN_M_N_arc00008_nat10122_11773.jpg.png,,,,,0,8,8,8,,,,,,,,,,,,,,,,,,,,,,,,,"Tuesday, July 26, 2022 01:38:24",,,,,,,,,,,,,,,,,,,,,"Tuesday, July 26, 2022 01:39:18",,,,,,,,,,,,,,,,,,,,,,,,,,2353.459186699998,2363.499184600001,2363.4713120999986,None,2.0,21.96382060000178,2363.4713120999986,None,5.0,23.231675399998494,2363.4713120999986,None,1.0,42.87178720000156,2363.4713120999986,None,"[-0.3314815, -0.29074073, 0.29444444, 0.53333336]","[-0.08981481, -0.29444444, -0.2, -0.4537037]","[1, 1, 1, 1]","[0, 0, 0, 0]","[0, 0, 0, 0]","[11.788849300002767, 13.057136600000376, 32.71580180000092, 43.20048520000273]",['Click_to_Continue_8'],10.021632479998516,None,2396.3794746999993,None,,,,,,,,,,,,,,,,,,,,,,,,,,,,,,,,,,,,,,,,,,,,,,,,,,,,,,,,,,,,,,,,,,,,,,,,,,,,,,,,,,,,,,,,,,,,,,,,,,,,,,,,,,,002,001,2022-07-26_13h13.38.321,CSVTrial2,2022.1.3,60.06428079417748,
Question 10:,stim/Tp_D_CRN_M_N_nat00019_nat00028_11048.jpg,"The AI system has determined that the above image is not authentic.
Do you accept or deny this claim?",stim/text_based_Tp_D_CRN_M_N_nat00019_nat00028_11048.jpg.png,,,,,0,9,9,9,,,,,,,,,,,,,,,,,,,,,,,,,"Tuesday, July 26, 2022 01:39:18",,,,,,,,,,,,,,,,,,,,,"Tuesday, July 26, 2022 01:40:10",,,,,,,,,,,,,,,,,,,,,,,,,,2406.738820300001,2416.7657564,2416.7657564,None,2.0,24.948645899999974,2416.7657564,None,3.0,26.915177399998356,2416.7657564,None,1.0,47.087501100002555,2416.7657564,None,"[-0.32777777, -0.35462964, -0.4601852, 0.29166666, 0.5416667]","[-0.097222224, -0.30277777, -0.30185184, -0.19537038, -0.44444445]","[1, 1, 1, 1, 1]","[0, 0, 0, 0, 0]","[0, 0, 0, 0, 0]","[14.763956200000393, 15.827153700000054, 16.761776799998188, 36.970293700000184, 42.15584239999953]",['Click_to_Continue_8'],10.032229040003585,None,2453.8618375999977,None,,,,,,,,,,,,,,,,,,,,,,,,,,,,,,,,,,,,,,,,,,,,,,,,,,,,,,,,,,,,,,,,,,,,,,,,,,,,,,,,,,,,,,,,,,,,,,,,,,,,,,,,,,,002,001,2022-07-26_13h13.38.321,CSVTrial2,2022.1.3,60.06428079417748,
Question 11:,stim/Au_ani_00048.jpg,"The AI system has determined that the above image is authentic.
Do you accept or deny this claim?",stim/text_based_Au_ani_00048.jpg.png,,,,,0,10,10,10,,,,,,,,,,,,,,,,,,,,,,,,,"Tuesday, July 26, 2022 01:40:10",,,,,,,,,,,,,,,,,,,,,"Tuesday, July 26, 2022 01:40:59",,,,,,,,,,,,,,,,,,,,,,,,,,2458.975946399998,2469.016797799999,2468.9908794000003,None,1.0,19.156569300001138,2468.9908794000003,None,4.0,21.159712299999228,2468.9908794000003,None,3.0,48.59800440000254,2468.9908794000003,None,"[-0.57592595, -0.35, 0.51296294, 0.5101852, 0.5009259, 0.5361111]","[-0.087037034, -0.30277777, -0.19074073, -0.20462963, -0.20092593, -0.44537038]","[1, 1, 1, 1, 1, 1]","[0, 0, 0, 0, 0, 0]","[0, 0, 0, 0, 0, 0]","[9.0105246000021, 11.013713100001041, 36.93373380000048, 37.88203510000312, 38.44082780000099, 39.31342190000214]",['Click_to_Continue_8'],10.033135940000648,None,2507.608246699998,None,,,,,,,,,,,,,,,,,,,,,,,,,,,,,,,,,,,,,,,,,,,,,,,,,,,,,,,,,,,,,,,,,,,,,,,,,,,,,,,,,,,,,,,,,,,,,,,,,,,,,,,,,,,002,001,2022-07-26_13h13.38.321,CSVTrial2,2022.1.3,60.06428079417748,
Question 12:,stim/Tp_D_CRN_M_N_nat00084_nat00086_10073.tif,"The AI system has determined that the above image is not authentic.
Do you accept or deny this claim?",stim/text_based_Tp_D_CRN_M_N_nat00084_nat00086_10073.tif.png,,,,,0,11,11,11,,,,,,,,,,,,,,,,,,,,,,,,,"Tuesday, July 26, 2022 01:40:59",,,,,,,,,,,,,,,,,,,,,"Tuesday, July 26, 2022 01:41:39",,,,,,,,,,,,,,,,,,,,,,,,,,2508.3514472999996,2518.394372499999,2518.3652782999998,None,2.0,17.525084900000365,2518.3652782999998,None,3.0,19.342276700001094,2518.3652782999998,None,3.0,34.98985459999676,2518.3652782999998,None,"[-0.3212963, -0.45925927, 0.5074074, 0.51666665]","[-0.09166667, -0.3037037, -0.18148148, -0.45092592]","[1, 1, 1, 1]","[0, 0, 0, 0]","[0, 0, 0, 0]","[7.375196699998924, 9.203442999998515, 24.81584120000116, 29.546308099997987]",['Click_to_Continue_8'],10.021356780001952,None,2543.3744898000004,None,,,,,,,,,,,,,,,,,,,,,,,,,,,,,,,,,,,,,,,,,,,,,,,,,,,,,,,,,,,,,,,,,,,,,,,,,,,,,,,,,,,,,,,,,,,,,,,,,,,,,,,,,,,002,001,2022-07-26_13h13.38.321,CSVTrial2,2022.1.3,60.06428079417748,
Question 13:,stim/Au_ani_00070.jpg,"The AI system has determined that the above image is authentic.
Do you accept or deny this claim?",stim/text_based_Au_ani_00070.jpg.png,,,,,0,12,12,12,,,,,,,,,,,,,,,,,,,,,,,,,"Tuesday, July 26, 2022 01:41:39",,,,,,,,,,,,,,,,,,,,,"Tuesday, July 26, 2022 01:42:09",,,,,,,,,,,,,,,,,,,,,,,,,,2547.965804200001,2558.007653599998,2557.978595599998,None,1.0,24.238147500000196,2557.978595599998,None,5.0,26.977853000000323,2557.978595599998,None,3.0,29.02453620000233,2557.978595599998,None,"[-0.5777778, -0.35833332, -0.25555557, 0.50185186, 0.5546296]","[-0.09259259, -0.30092594, -0.3175926, -0.19351852, -0.4537037]","[1, 1, 1, 1, 1]","[0, 0, 0, 0, 0]","[0, 0, 0, 0, 0]","[14.00404840000192, 15.925112299999455, 16.75647089999984, 18.90879109999878, 19.69659379999939]",['Click_to_Continue_8'],10.03176784000243,None,2577.035126499999,None,,,,,,,,,,,,,,,,,,,,,,,,,,,,,,,,,,,,,,,,,,,,,,,,,,,,,,,,,,,,,,,,,,,,,,,,,,,,,,,,,,,,,,,,,,,,,,,,,,,,,,,,,,,002,001,2022-07-26_13h13.38.321,CSVTrial2,2022.1.3,60.06428079417748,
Question 14:,stim/Tp_D_CRN_S_B_pla00041_pla00040_10978.jpg,"The AI system has determined that the above image is not authentic.
Do you accept or deny this claim?",stim/text_based_Tp_D_CRN_S_B_pla00041_pla00040_10978.jpg.png,,,,,0,13,13,13,,,,,,,,,,,,,,,,,,,,,,,,,"Tuesday, July 26, 2022 01:42:09",,,,,,,,,,,,,,,,,,,,,"Tuesday, July 26, 2022 01:42:47",,,,,,,,,,,,,,,,,,,,,,,,,,2577.7470982999985,2587.791365000001,2587.763227200001,None,1.0,32.18102100000033,2587.763227200001,None,2.0,36.05109210000228,2587.763227200001,None,2.0,37.43468159999975,2587.763227200001,None,"[-0.57592595, -0.55185187, 0.4185185, 0.537037]","[-0.1037037, -0.2888889, -0.19814815, -0.42962962]","[1, 1, 1, 1]","[0, 0, 0, 0]","[0, 0, 0, 0]","[22.03034000000116, 25.863558299999568, 27.320607000001473, 28.117245500001445]",['Click_to_Continue_8'],10.03414650000559,None,2615.2236725000002,None,,,,,,,,,,,,,,,,,,,,,,,,,,,,,,,,,,,,,,,,,,,,,,,,,,,,,,,,,,,,,,,,,,,,,,,,,,,,,,,,,,,,,,,,,,,,,,,,,,,,,,,,,,,002,001,2022-07-26_13h13.38.321,CSVTrial2,2022.1.3,60.06428079417748,
Question 15:,stim/Au_ani_00093.jpg,"The AI system has determined that the above image is authentic.
Do you accept or deny this claim?",stim/text_based_Au_ani_00093.jpg.png,,,,,0,14,14,14,,,,,,,,,,,,,,,,,,,,,,,,,"Tuesday, July 26, 2022 01:42:47",,,,,,,,,,,,,,,,,,,,,"Tuesday, July 26, 2022 01:43:14",,,,,,,,,,,,,,,,,,,,,,,,,,2615.946480800001,2625.9905351999987,2625.9646565000003,None,1.0,14.68424750000122,2625.9646565000003,None,5.0,16.50750060000064,2625.9646565000003,None,3.0,20.93702409999969,2625.9646565000003,None,"[-0.5703704, -0.26203704, 0.49444443, 0.54814816]","[-0.107407406, -0.29537037, -0.19722222, -0.43703705]","[1, 1, 1, 1]","[0, 0, 0, 0]","[0, 0, 0, 0]","[4.535657799999171, 6.368331099998613, 10.782780699999421, 17.147591400000238]",['Click_to_Continue_8'],10.024842540002282,None,2636.917819800001,None,,,,,,,,,,,,,,,,,,,,,,,,,,,,,,,,,,,,,,,,,,,,,,,,,,,,,,,,,,,,,,,,,,,,,,,,,,,,,,,,,,,,,,,,,,,,,,,,,,,,,,,,,,,002,001,2022-07-26_13h13.38.321,CSVTrial2,2022.1.3,60.06428079417748,
Question 16:,stim/Tp_D_CRN_M_N_arc00045_arc00046_10084.tif,"The AI system has determined that the above image is authentic.
Do you accept or deny this claim?",stim/text_based_Tp_D_CRN_M_N_arc00045_arc00046_10084.tif.png,,,,,0,15,15,15,,,,,,,,,,,,,,,,,,,,,,,,,"Tuesday, July 26, 2022 01:43:14",,,,,,,,,,,,,,,,,,,,,"Tuesday, July 26, 2022 01:43:43",,,,,,,,,,,,,,,,,,,,,,,,,,2643.156153699998,2653.1776637000003,2653.1776637000003,None,2.0,17.241771799999697,2653.1776637000003,None,5.0,18.15154629999961,2653.1776637000003,None,1.0,26.04753399999754,2653.1776637000003,None,"[-0.32222223, -0.25648147, 0.3037037, 0.5685185]","[-0.1, -0.2962963, -0.19537038, -0.44444445]","[1, 1, 1, 1]","[0, 0, 0, 0]","[0, 0, 0, 0]","[7.026143099999899, 7.9349808000006306, 15.799052499998652, 18.712871100000484]",['Click_to_Continue_8'],10.034385880000627,None,2669.2359203999986,None,,,,,,,,,,,,,,,,,,,,,,,,,,,,,,,,,,,,,,,,,,,,,,,,,,,,,,,,,,,,,,,,,,,,,,,,,,,,,,,,,,,,,,,,,,,,,,,,,,,,,,,,,,,002,001,2022-07-26_13h13.38.321,CSVTrial2,2022.1.3,60.06428079417748,
Question 17:,stim/Tp_D_CRN_S_N_ani10120_sec00098_11614.jpg,"The AI system has determined that the above image is not authentic.
Do you accept or deny this claim?",stim/text_based_Tp_D_CRN_S_N_ani10120_sec00098_11614.jpg.png,,,,,0,16,16,16,,,,,,,,,,,,,,,,,,,,,,,,,"Tuesday, July 26, 2022 01:43:43",,,,,,,,,,,,,,,,,,,,,"Tuesday, July 26, 2022 01:44:22",,,,,,,,,,,,,,,,,,,,,,,,,,2671.938949799998,2681.9567506999992,2681.9567506999992,None,2.0,35.96841180000047,2681.9567506999992,None,5.0,37.04110330000185,2681.9567506999992,None,3.0,38.66907380000339,2681.9567506999992,None,"[-0.32222223, -0.2712963, 0.5037037, 0.5638889]","[-0.10277778, -0.29814816, -0.19444445, -0.46296296]","[1, 1, 1, 1]","[0, 0, 0, 0]","[0, 0, 0, 0]","[25.81186080000043, 26.81846659999792, 28.525454999999056, 29.47608559999935]",['Click_to_Continue_8'],10.025039879998076,None,2710.6421478999982,None,,,,,,,,,,,,,,,,,,,,,,,,,,,,,,,,,,,,,,,,,,,,,,,,,,,,,,,,,,,,,,,,,,,,,,,,,,,,,,,,,,,,,,,,,,,,,,,,,,,,,,,,,,,002,001,2022-07-26_13h13.38.321,CSVTrial2,2022.1.3,60.06428079417748,
Question 18:,stim/Tp_D_CRN_M_N_pla00035_pla00033_10997.jpg,"The AI system has determined that the above image is authentic.
Do you accept or deny this claim?",stim/text_based_Tp_D_CRN_M_N_pla00035_pla00033_10997.jpg.png,,,,,0,17,17,17,,,,,,,,,,,,,,,,,,,,,,,,,"Tuesday, July 26, 2022 01:44:22",,,,,,,,,,,,,,,,,,,,,"Tuesday, July 26, 2022 01:44:54",,,,,,,,,,,,,,,,,,,,,,,,,,2711.486888700001,2721.5170846,2721.4903367000006,None,2.0,19.658275799996773,2721.4903367000006,None,4.0,28.28756440000143,2721.4903367000006,None,2.0,31.21581800000058,2721.4903367000006,None,"[-0.31574073, -0.26481482, -0.32037038, 0.41111112, 0.5824074]","[-0.096296296, -0.2888889, -0.31388888, -0.19814815, -0.42962962]","[1, 1, 1, 1, 1]","[0, 0, 0, 0, 0]","[0, 0, 0, 0, 0]","[9.495725500000844, 17.14249920000293, 18.118535400000837, 21.10201640000014, 21.864145600000484]",['Click_to_Continue_8'],10.022084640000685,None,2742.7386689999985,None,,,,,,,,,,,,,,,,,,,,,,,,,,,,,,,,,,,,,,,,,,,,,,,,,,,,,,,,,,,,,,,,,,,,,,,,,,,,,,,,,,,,,,,,,,,,,,,,,,,,,,,,,,,002,001,2022-07-26_13h13.38.321,CSVTrial2,2022.1.3,60.06428079417748,
Question 19:,stim/Au_nat_20060.jpg,"The AI system has determined that the above image is not authentic.
Do you accept or deny this claim?",stim/text_based_Au_nat_20060.jpg.png,,,,,0,18,18,18,,,,,,,,,,,,,,,,,,,,,,,,,"Tuesday, July 26, 2022 01:44:54",,,,,,,,,,,,,,,,,,,,,"Tuesday, July 26, 2022 01:45:22",,,,,,,,,,,,,,,,,,,,,,,,,,2743.4187117,2753.4382235999983,2753.4382235999983,None,2.0,15.343025699999998,2753.4382235999983,None,4.0,21.011659200001304,2753.4382235999983,None,3.0,27.261306700002024,2753.4382235999983,None,"[-0.31851852, -0.36574075, 0.50185186, 0.59537035]","[-0.09907407, -0.2898148, -0.19166666, -0.44537038]","[1, 1, 1, 1]","[0, 0, 0, 0]","[0, 0, 0, 0]","[5.145939400001225, 10.621319300000323, 17.107702599998447, 17.765246399998432]",['Click_to_Continue_8'],10.028986940000323,None,2770.7186039000007,None,,,,,,,,,,,,,,,,,,,,,,,,,,,,,,,,,,,,,,,,,,,,,,,,,,,,,,,,,,,,,,,,,,,,,,,,,,,,,,,,,,,,,,,,,,,,,,,,,,,,,,,,,,,002,001,2022-07-26_13h13.38.321,CSVTrial2,2022.1.3,60.06428079417748,
,,,,,,,,,,,,,,,,,,,,,,,,,,,,,,,,,,,,,,,,,,,,,,,,,,,,,,,,,,,,4.0,4.0,2.0,4.0,4.0,4.0,4.0,2.0,3.0,4.0,5.0,5.0,,,,,,,,,,,,,,,,,,,,,,,,,,,,,,,,,,,,,,,,,,,,,,,,,,,,,,,,,,,,,,,,,,,,,,,,,,,,,,,,,,,,,,,,,,,,,,,,,,,,,,,,,,,,,,,,,,,,,,,,,,,,,,,,,,,,,,,,,,,,,,,,,002,001,2022-07-26_13h13.38.321,CSVTrial2,2022.1.3,60.06428079417748,
Question 1:,stim/Tp_D_CNN_M_N_ani00023_ani00024_10205.tif,"The AI system has determined that the above image is not authentic. 
Do you accept or deny this claim?",stim/conversational_Tp_D_CNN_M_N_ani00023_ani00024_10205.tif.png,,,,,,,,,0,0,0,0,,,,,,,,,,,,,,,,,,,,,01:48:16,,,,,,,,,,,,,,,,,,,,,01:48:40,,,,,,,,,,,,,,,4.0,4.0,2.0,4.0,1.0,4.0,4.0,4.0,4.0,3.0,4.0,,,,,,,,,,,,,,,,,,,,,,,,,,,,2945.3046675000005,2955.3737875999977,2.0,16.373905600001308,2955.3455480999983,None,5.0,17.4032079000026,2955.3455480999983,None,2955.3455480999983,None,1.0,19.03840290000153,2955.3455480999983,None,"[-0.32962963, -0.24074075, 0.32685184, 0.537037]","[-0.10092592, -0.30833334, -0.18333334, -0.43333334]","[1, 1, 1, 1]","[0, 0, 0, 0]","[0, 0, 0, 0]","[6.214491400001862, 7.198364100000617, 8.839470200000505, 13.291924000001018]",['Click_to_Continue'],10.058685880001576,None,2964.3731081999977,None,,,,,,,,,,,,,,,,,,,,,,,,,,,,,,,,,,,,,,,,,,,,,,,,,,,,,,,,,,,,,,,,,,,,,,,,,,,,,,,,002,001,2022-07-26_13h13.38.321,CSVTrial2,2022.1.3,60.06428079417748,
Question 2:,stim/Tp_D_CNN_S_N_art00007_art00008_01197.tif,"The AI system has determined that the above image is not authentic.
Do you accept or deny this claim?",stim/conversational_Tp_D_CNN_S_N_art00007_art00008_01197.tif.png,,,,,,,,,0,1,1,1,,,,,,,,,,,,,,,,,,,,,01:48:40,,,,,,,,,,,,,,,,,,,,,01:49:08,,,,,,,,,,,,,,,,,,,,,,,,,,,,,,,,,,,,,,,,,,,,,,,,,,,,,2968.712302199998,2978.750970099998,1.0,19.491078999999445,2978.720585799998,None,3.0,25.051490599998942,2978.720585799998,None,2978.720585799998,None,1.0,27.188262300001952,2978.720585799998,None,"[-0.56574076, -0.44814816, 0.2935185, 0.56574076]","[-0.106481485, -0.29166666, -0.18518518, -0.4601852]","[1, 1, 1, 1]","[0, 0, 0, 0]","[0, 0, 0, 0]","[9.290959300000395, 14.85224830000152, 17.0504191, 18.5821219999998]",['Click_to_Continue'],10.026468199997908,None,2995.962784700001,None,,,,,,,,,,,,,,,,,,,,,,,,,,,,,,,,,,,,,,,,,,,,,,,,,,,,,,,,,,,,,,,,,,,,,,,,,,,,,,,,002,001,2022-07-26_13h13.38.321,CSVTrial2,2022.1.3,60.06428079417748,
Question 3:,stim/Au_pla_20034.jpg,"The AI system has determined that the above image is not authentic.
Do you accept or deny this claim?",stim/conversational_Au_pla_20034.jpg.png,,,,,,,,,0,2,2,2,,,,,,,,,,,,,,,,,,,,,01:49:08,,,,,,,,,,,,,,,,,,,,,01:49:31,,,,,,,,,,,,,,,,,,,,,,,,,,,,,,,,,,,,,,,,,,,,,,,,,,,,,2997.3632714999985,3007.3887493,2.0,15.857044699998369,3007.3887493,None,4.0,18.781918600001518,3007.3887493,None,3007.3887493,None,1.0,20.629579799999192,3007.3887493,None,"[-0.31944445, -0.3361111, 0.31296295, 0.57314813]","[-0.097222224, -0.29907408, -0.19722222, -0.44351852]","[1, 1, 1, 1]","[0, 0, 0, 0]","[0, 0, 0, 0]","[5.65969110000151, 8.61144360000253, 10.494369200001529, 13.078532800001994]",['Click_to_Continue'],10.03847904000213,None,3018.0327168000003,None,,,,,,,,,,,,,,,,,,,,,,,,,,,,,,,,,,,,,,,,,,,,,,,,,,,,,,,,,,,,,,,,,,,,,,,,,,,,,,,,002,001,2022-07-26_13h13.38.321,CSVTrial2,2022.1.3,60.06428079417748,
Question 4:,stim/Tp_D_CNN_M_B_nat00056_nat00099_11105.jpg,"The AI system has determined that the above image is authentic.
Do you accept or deny this claim?",stim/conversational_Tp_D_CNN_M_B_nat00056_nat00099_11105.jpg.png,,,,,,,,,0,3,3,3,,,,,,,,,,,,,,,,,,,,,01:49:31,,,,,,,,,,,,,,,,,,,,,01:50:00,,,,,,,,,,,,,,,,,,,,,,,,,,,,,,,,,,,,,,,,,,,,,,,,,,,,,3020.5341764000004,3030.590290100001,2.0,16.54532090000066,3030.558027700001,None,4.0,19.974304499999562,3030.558027700001,None,3030.558027700001,None,1.0,27.26494610000009,3030.558027700001,None,"[-0.32037038, -0.35, 0.3, 0.58148146]","[-0.108333334, -0.29074073, -0.18981482, -0.43425927]","[1, 1, 1, 1]","[0, 0, 0, 0]","[0, 0, 0, 0]","[6.402261000002909, 9.831018100001529, 17.115522600000986, 18.032547600003454]",['Click_to_Continue'],10.031354139999166,None,3047.844941200001,None,,,,,,,,,,,,,,,,,,,,,,,,,,,,,,,,,,,,,,,,,,,,,,,,,,,,,,,,,,,,,,,,,,,,,,,,,,,,,,,,002,001,2022-07-26_13h13.38.321,CSVTrial2,2022.1.3,60.06428079417748,
Question 5:,stim/Au_ani_10178.jpg.png,"The AI system has determined that the above image is authentic.
Do you accept or deny this claim?",stim/conversational_Au_ani_10178.jpg.png,,,,,,,,,0,4,4,4,,,,,,,,,,,,,,,,,,,,,01:50:00,,,,,,,,,,,,,,,,,,,,,01:50:18,,,,,,,,,,,,,,,,,,,,,,,,,,,,,,,,,,,,,,,,,,,,,,,,,,,,,3048.6570837,3058.687098399998,1.0,14.683870100001513,3058.687098399998,None,5.0,15.397170399999595,3058.687098399998,None,3058.687098399998,None,3.0,17.563397599999007,3058.687098399998,None,"[-0.57222223, -0.24814814, 0.5009259, 0.5462963]","[-0.097222224, -0.29722223, -0.19907407, -0.45555556]","[1, 1, 1, 1]","[0, 0, 0, 0]","[0, 0, 0, 0]","[4.484485500001028, 5.2461710999996285, 7.460190400001011, 8.272096000000602]",['Click_to_Continue'],10.03808484000183,None,3066.2676323999985,None,,,,,,,,,,,,,,,,,,,,,,,,,,,,,,,,,,,,,,,,,,,,,,,,,,,,,,,,,,,,,,,,,,,,,,,,,,,,,,,,002,001,2022-07-26_13h13.38.321,CSVTrial2,2022.1.3,60.06428079417748,
Question 6:,stim/Tp_D_CNN_S_N_nat00095_ani00017_10219.tif,"The AI system has determined that the above image is not authentic.
Do you accept or deny this claim?",stim/conversational_Tp_D_CNN_S_N_nat00095_ani00017_10219.tif.png,,,,,,,,,0,5,5,5,,,,,,,,,,,,,,,,,,,,,01:50:18,,,,,,,,,,,,,,,,,,,,,01:50:44,,,,,,,,,,,,,,,,,,,,,,,,,,,,,,,,,,,,,,,,,,,,,,,,,,,,,3067.013194899999,3077.051791400001,1.0,14.619005299999117,3077.018927199999,None,5.0,15.389488200002233,3077.018927199999,None,3077.018927199999,None,3.0,24.96606989999782,3077.018927199999,None,"[-0.5648148, -0.2685185, 0.5101852, 0.4962963, 0.5462963]","[-0.1037037, -0.2962963, -0.21111111, -0.2, -0.43611112]","[1, 1, 1, 1, 1]","[0, 0, 0, 0, 0]","[0, 0, 0, 0, 0]","[4.4553456000030565, 5.269698000000062, 14.057735900001717, 14.853869400001713, 15.695303899999999]",['Click_to_Continue'],10.024931040003139,None,3092.0269659999976,None,,,,,,,,,,,,,,,,,,,,,,,,,,,,,,,,,,,,,,,,,,,,,,,,,,,,,,,,,,,,,,,,,,,,,,,,,,,,,,,,002,001,2022-07-26_13h13.38.321,CSVTrial2,2022.1.3,60.06428079417748,
Question 7: ,stim/Au_nat_30517.jpg,"The AI system has determined that the above image is not authentic.
Do you accept or deny this claim?",stim/conversational_Au_nat_30517.jpg.png,,,,,,,,,0,6,6,6,,,,,,,,,,,,,,,,,,,,,01:50:44,,,,,,,,,,,,,,,,,,,,,01:51:08,,,,,,,,,,,,,,,,,,,,,,,,,,,,,,,,,,,,,,,,,,,,,,,,,,,,,3092.7619736999986,3102.8344824999986,2.0,15.738534500000242,3102.802461899999,None,2.0,18.130370499999117,3102.802461899999,None,3102.802461899999,None,3.0,24.000527000000147,3102.802461899999,None,"[-0.31574073, -0.5703704, 0.49166667, 0.5462963]","[-0.08425926, -0.30277777, -0.2037037, -0.43796295]","[1, 1, 1, 1]","[0, 0, 0, 0]","[0, 0, 0, 0]","[5.475045799998043, 7.958605799998622, 13.807860999997501, 14.627035499997874]",['Click_to_Continue'],10.04863557999488,None,3116.811511699998,None,,,,,,,,,,,,,,,,,,,,,,,,,,,,,,,,,,,,,,,,,,,,,,,,,,,,,,,,,,,,,,,,,,,,,,,,,,,,,,,,002,001,2022-07-26_13h13.38.321,CSVTrial2,2022.1.3,60.06428079417748,
Question 8:,stim/Tp_D_CRD_M_N_nat00048_nat00049_11067.jpg,"The AI system has determined that the above image is not authentic.
Do you accept or deny this claim?",stim/conversational_Tp_D_CRD_M_N_nat00048_nat00049_11067.jpg.png,,,,,,,,,0,7,7,7,,,,,,,,,,,,,,,,,,,,,01:51:08,,,,,,,,,,,,,,,,,,,,,01:51:31,,,,,,,,,,,,,,,,,,,,,,,,,,,,,,,,,,,,,,,,,,,,,,,,,,,,,3117.4970541000002,3127.531928199998,1.0,16.45645059999879,3127.531928199998,None,5.0,17.550113799999963,3127.531928199998,None,3127.531928199998,None,3.0,21.677791800000705,3127.531928199998,None,"[-0.5777778, -0.24259259, 0.51296294, 0.5037037, 0.5453704, 0.54351854]","[-0.12314815, -0.30185184, -0.20555556, -0.19907407, -0.42407408, -0.44166666]","[1, 1, 1, 1, 1, 1]","[0, 0, 0, 0, 0, 0]","[0, 0, 0, 0, 0, 0]","[6.28775090000272, 7.388032000002568, 10.705750700002682, 11.561834800002543, 12.33556800000224, 12.737246700002288]",['Click_to_Continue'],10.040270540004713,None,3139.2168039999997,None,,,,,,,,,,,,,,,,,,,,,,,,,,,,,,,,,,,,,,,,,,,,,,,,,,,,,,,,,,,,,,,,,,,,,,,,,,,,,,,,002,001,2022-07-26_13h13.38.321,CSVTrial2,2022.1.3,60.06428079417748,
Question 9:,stim/Au_arc_30794.jpg,"The AI system has determined that the above image is authentic.
Do you accept or deny this claim?",stim/conversational_Au_arc_30794.jpg.png,,,,,,,,,0,8,8,8,,,,,,,,,,,,,,,,,,,,,01:51:31,,,,,,,,,,,,,,,,,,,,,01:52:30,,,,,,,,,,,,,,,,,,,,,,,,,,,,,,,,,,,,,,,,,,,,,,,,,,,,,3140.3285689000004,3150.3967164999995,1.0,13.6509593999981,3150.367135299999,None,1.0,54.460298000001785,3150.367135299999,None,3150.367135299999,None,3.0,16.701189200000954,3150.367135299999,None,"[-0.5842593, -0.24814814, 0.5, -0.63796294, 0.57685184]","[-0.08611111, -0.31203705, -0.19351852, -0.3, -0.45]","[1, 1, 1, 1, 1]","[0, 0, 0, 0, 0]","[0, 0, 0, 0, 0]","[3.464750600000116, 4.459606799999165, 6.5513290999988385, 44.221791299998586, 48.51102449999962]",['Click_to_Continue'],10.05382204000125,None,3157.0671349000004,None,,,,,,,,,,,,,,,,,,,,,,,,,,,,,,,,,,,,,,,,,,,,,,,,,,,,,,,,,,,,,,,,,,,,,,,,,,,,,,,,002,001,2022-07-26_13h13.38.321,CSVTrial2,2022.1.3,60.06428079417748,
Question 10:,stim/Au_nat_30352.jpg,"The AI system has determined that the above image is not authentic.
Do you accept or deny this claim?",stim/conversational_Au_nat_30352.jpg.png,,,,,,,,,0,9,9,9,,,,,,,,,,,,,,,,,,,,,01:52:30,,,,,,,,,,,,,,,,,,,,,01:52:53,,,,,,,,,,,,,,,,,,,,,,,,,,,,,,,,,,,,,,,,,,,,,,,,,,,,,3198.9391896999987,3208.999384499999,2.0,18.05219969999962,3208.965615500001,None,2.0,19.82785739999963,3208.965615500001,None,3208.965615500001,None,3.0,22.112664600001153,3208.965615500001,None,"[-0.31574073, -0.5537037, 0.4861111, 0.5611111]","[-0.09074074, -0.30648148, -0.19166666, -0.4425926]","[1, 1, 1, 1]","[0, 0, 0, 0]","[0, 0, 0, 0]","[7.882234100001369, 9.689809800001967, 12.000993900001049, 12.708269700000528]",['Click_to_Continue'],10.037757940001029,None,3221.089435400001,None,,,,,,,,,,,,,,,,,,,,,,,,,,,,,,,,,,,,,,,,,,,,,,,,,,,,,,,,,,,,,,,,,,,,,,,,,,,,,,,,002,001,2022-07-26_13h13.38.321,CSVTrial2,2022.1.3,60.06428079417748,
Question 12:,stim/Au_arc_30827.jpg.png,"The AI system has determined that the above image is authentic.
Do you accept or deny this claim?",stim/conversational_Au_arc_30827.jpg.png,,,,,,,,,0,10,10,10,,,,,,,,,,,,,,,,,,,,,01:52:53,,,,,,,,,,,,,,,,,,,,,01:53:22,,,,,,,,,,,,,,,,,,,,,,,,,,,,,,,,,,,,,,,,,,,,,,,,,,,,,3221.7600263999993,3231.8160314999986,1.0,25.739630600000964,3231.7855563999983,None,2.0,27.20287069999904,3231.7855563999983,None,3231.7855563999983,None,3.0,28.68995260000156,3231.7855563999983,None,"[-0.5777778, -0.5601852, 0.50185186, 0.5712963]","[-0.10277778, -0.29537037, -0.19444445, -0.45185184]","[1, 1, 1, 1]","[0, 0, 0, 0]","[0, 0, 0, 0]","[15.534378899999865, 16.990424900002836, 18.520065800003067, 19.521993100002874]",['Click_to_Continue'],10.045421759998135,None,3250.508933699999,None,,,,,,,,,,,,,,,,,,,,,,,,,,,,,,,,,,,,,,,,,,,,,,,,,,,,,,,,,,,,,,,,,,,,,,,,,,,,,,,,002,001,2022-07-26_13h13.38.321,CSVTrial2,2022.1.3,60.06428079417748,
Question 13:,stim/Au_art_10012.jpg,"The AI system has determined that the above image is authentic.
Do you accept or deny this claim?",stim/conversational_Au_art_10012.jpg.png,,,,,,,,,0,11,11,11,,,,,,,,,,,,,,,,,,,,,01:53:22,,,,,,,,,,,,,,,,,,,,,01:53:40,,,,,,,,,,,,,,,,,,,,,,,,,,,,,,,,,,,,,,,,,,,,,,,,,,,,,3251.367792099998,3261.3966602,1.0,12.985371799997665,3261.3966602,None,5.0,13.882774699999572,3261.3966602,None,3261.3966602,None,3.0,17.036343100000522,3261.3966602,None,"[-0.5675926, -0.24722221, 0.4925926, 0.56203705]","[-0.1037037, -0.2898148, -0.19537038, -0.45462963]","[1, 1, 1, 1]","[0, 0, 0, 0]","[0, 0, 0, 0]","[2.8391283999990264, 3.765934600000037, 6.896110300000146, 7.698220599999331]",['Click_to_Continue'],10.001202340001328,None,3268.4422995999994,None,,,,,,,,,,,,,,,,,,,,,,,,,,,,,,,,,,,,,,,,,,,,,,,,,,,,,,,,,,,,,,,,,,,,,,,,,,,,,,,,002,001,2022-07-26_13h13.38.321,CSVTrial2,2022.1.3,60.06428079417748,
Question 14:,stim/Tp_D_CRN_M_B_nat10165_nat10164_12100.jpg,"The AI system has determined that the above image is not authentic.
Do you accept or deny this claim?",stim/conversational_Tp_D_CRN_M_B_nat10165_nat10164_12100.jpg.png,,,,,,,,,0,12,12,12,,,,,,,,,,,,,,,,,,,,,01:53:40,,,,,,,,,,,,,,,,,,,,,01:53:56,,,,,,,,,,,,,,,,,,,,,,,,,,,,,,,,,,,,,,,,,,,,,,,,,,,,,3269.120190999998,3279.1619766000003,1.0,12.031599599999026,3279.131825299999,None,5.0,13.15609079999922,3279.131825299999,None,3279.131825299999,None,1.0,15.588111500001105,3279.131825299999,None,"[-0.56666666, -0.2574074, 0.30185184, 0.54444444]","[-0.096296296, -0.29166666, -0.18518518, -0.44814816]","[1, 1, 1, 1]","[0, 0, 0, 0]","[0, 0, 0, 0]","[1.856187699999282, 2.9986571999979788, 5.469533799998317, 6.240719800000079]",['Click_to_Continue'],10.02702254000178,None,3284.7547371,None,,,,,,,,,,,,,,,,,,,,,,,,,,,,,,,,,,,,,,,,,,,,,,,,,,,,,,,,,,,,,,,,,,,,,,,,,,,,,,,,002,001,2022-07-26_13h13.38.321,CSVTrial2,2022.1.3,60.06428079417748,
Question 15:,stim/Tp_D_CRN_M_N_art10115_cha00086_11526.jpg,"The AI system has determined that the above image is authentic.
Do you accept or deny this claim?",stim/conversational_Tp_D_CRN_M_N_art10115_cha00086_11526.jpg.png,,,,,,,,,0,13,13,13,,,,,,,,,,,,,,,,,,,,,01:53:56,,,,,,,,,,,,,,,,,,,,,01:54:31,,,,,,,,,,,,,,,,,,,,,,,,,,,,,,,,,,,,,,,,,,,,,,,,,,,,,3285.4311307999997,3295.4721881000005,2.0,18.329661899999337,3295.440086499999,None,1.0,19.407075999999506,3295.440086499999,None,3295.440086499999,None,3.0,33.87773920000109,3295.440086499999,None,"[-0.32407406, -0.6388889, 0.49351853, 0.5833333]","[-0.10925926, -0.29907408, -0.19722222, -0.43333334]","[1, 1, 1, 1]","[0, 0, 0, 0]","[0, 0, 0, 0]","[8.181290000000445, 9.279403699998511, 23.75224569999773, 25.028782800000045]",['Click_to_Continue'],10.02352213999984,None,3319.3633673000004,None,,,,,,,,,,,,,,,,,,,,,,,,,,,,,,,,,,,,,,,,,,,,,,,,,,,,,,,,,,,,,,,,,,,,,,,,,,,,,,,,002,001,2022-07-26_13h13.38.321,CSVTrial2,2022.1.3,60.06428079417748,
Question 16:,stim/Tp_D_CRN_M_N_nat10154_nat10138_12076.jpg,"The AI system has determined that the above image is not authentic.
Do you accept or deny this claim?",stim/conversational_Tp_D_CRN_M_N_nat10154_nat10138_12076.jpg.png,,,,,,,,,0,14,14,14,,,,,,,,,,,,,,,,,,,,,01:54:31,,,,,,,,,,,,,,,,,,,,,01:55:03,,,,,,,,,,,,,,,,,,,,,,,,,,,,,,,,,,,,,,,,,,,,,,,,,,,,,3320.5436016999993,3330.597733800001,1.0,17.75734509999893,3330.564409399998,None,5.0,27.966999600001145,3330.564409399998,None,3330.564409399998,None,1.0,30.570320900002116,3330.564409399998,None,"[-0.5703704, -0.2685185, 0.30555555, 0.5694444]","[-0.08981481, -0.2962963, -0.20462963, -0.45740741]","[1, 1, 1, 1]","[0, 0, 0, 0]","[0, 0, 0, 0]","[7.526338600000599, 17.77219899999909, 20.441512400000647, 21.540310500000487]",['Click_to_Continue'],10.037880300002143,None,3351.1518386999996,None,,,,,,,,,,,,,,,,,,,,,,,,,,,,,,,,,,,,,,,,,,,,,,,,,,,,,,,,,,,,,,,,,,,,,,,,,,,,,,,,002,001,2022-07-26_13h13.38.321,CSVTrial2,2022.1.3,60.06428079417748,
Question 17: ,stim/Au_art_20005.jpg,"The AI system has determined that the above image is authentic.
Do you accept or deny this claim?",stim/conversational_Au_art_20005.jpg.png,,,,,,,,,0,15,15,15,,,,,,,,,,,,,,,,,,,,,01:55:03,,,,,,,,,,,,,,,,,,,,,01:55:21,,,,,,,,,,,,,,,,,,,,,,,,,,,,,,,,,,,,,,,,,,,,,,,,,,,,,3352.1883763999977,3362.240917700001,1.0,15.24775889999728,3362.2072167000006,None,5.0,16.043756199997006,3362.2072167000006,None,3362.2072167000006,None,3.0,17.354943599999388,3362.2072167000006,None,"[-0.5777778, -0.2787037, 0.50555557, 0.5694444]","[-0.11388889, -0.28796297, -0.19074073, -0.45]","[1, 1, 1, 1]","[0, 0, 0, 0]","[0, 0, 0, 0]","[5.0606688000007125, 5.849189500000648, 7.218027700000675, 8.298460300000443]",['Click_to_Continue'],10.026293900002202,None,3369.593362200001,None,,,,,,,,,,,,,,,,,,,,,,,,,,,,,,,,,,,,,,,,,,,,,,,,,,,,,,,,,,,,,,,,,,,,,,,,,,,,,,,,002,001,2022-07-26_13h13.38.321,CSVTrial2,2022.1.3,60.06428079417748,
Question 18:,stim/Au_art_20034.jpg.png,"The AI system has determined that the above image is authentic.
Do you accept or deny this claim?",stim/conversational_Au_art_20034.jpg.png,,,,,,,,,0,16,16,16,,,,,,,,,,,,,,,,,,,,,01:55:21,,,,,,,,,,,,,,,,,,,,,01:55:45,,,,,,,,,,,,,,,,,,,,,,,,,,,,,,,,,,,,,,,,,,,,,,,,,,,,,3370.5667442999984,3380.6253271999994,1.0,20.31568200000038,3380.5932687999994,None,1.0,21.91802689999895,3380.5932687999994,None,3380.5932687999994,None,2.0,23.04560330000095,3380.5932687999994,None,"[-0.5824074, -0.59074074, -0.6490741, 0.40185186, 0.53981483]","[-0.098148145, -0.2935185, -0.2935185, -0.18888889, -0.4611111]","[1, 1, 1, 1, 1]","[0, 0, 0, 0, 0]","[0, 0, 0, 0, 0]","[10.077538199999253, 11.025451299999986, 11.73319519999859, 12.902176999999938, 13.692595900000015]",['Click_to_Continue'],10.039384939998854,None,3393.6560954999986,None,,,,,,,,,,,,,,,,,,,,,,,,,,,,,,,,,,,,,,,,,,,,,,,,,,,,,,,,,,,,,,,,,,,,,,,,,,,,,,,,002,001,2022-07-26_13h13.38.321,CSVTrial2,2022.1.3,60.06428079417748,
Question 19:,stim/Tp_D_CRN_M_N_cha10137_art00021_12210.jpg,"The AI system has determined that the above image is authentic.
Do you accept or deny this claim?",stim/conversational_Tp_D_CRN_M_N_cha10137_art00021_12210.jpg.png,,,,,,,,,0,17,17,17,,,,,,,,,,,,,,,,,,,,,01:55:45,,,,,,,,,,,,,,,,,,,,,01:56:17,,,,,,,,,,,,,,,,,,,,,,,,,,,,,,,,,,,,,,,,,,,,,,,,,,,,,3394.371387299998,3404.424385899998,2.0,23.49945910000315,3404.393641399998,None,2.0,24.957599200002733,3404.393641399998,None,3404.393641399998,None,3.0,31.183577399999194,3404.393641399998,None,"[-0.5712963, -0.4398148, -0.31203705, -0.35092592, -0.5648148, 0.49814814, 0.5277778]","[-0.11018518, -0.29166666, -0.098148145, -0.096296296, -0.29444444, -0.18703704, -0.4324074]","[1, 1, 1, 1, 1, 1, 1]","[0, 0, 0, 0, 0, 0, 0]","[0, 0, 0, 0, 0, 0, 0]","[2.801371300000028, 4.131220299997949, 12.569176099998003, 13.294416099997761, 14.752565699996921, 21.056763199998386, 21.795076499998686]",['Click_to_Continue'],10.027509899999131,None,3425.5959251999993,None,,,,,,,,,,,,,,,,,,,,,,,,,,,,,,,,,,,,,,,,,,,,,,,,,,,,,,,,,,,,,,,,,,,,,,,,,,,,,,,,002,001,2022-07-26_13h13.38.321,CSVTrial2,2022.1.3,60.06428079417748,
,,,,,,,,,,,,,,,,,,,,,,,,,,,,,,,,,,,,,,,,,,,,,,,,,,,,,,,,,,,,2.0,3.0,4.0,3.0,4.0,3.0,4.0,1.0,3.0,4.0,4.0,5.0,,,,,,,,,,,,,,,,,,,,,,,,,,,,,,,,,,,,,,,,,,,,,,,,,,,,,,,,,,,,,,,,,,,,,,,,,,,,,,,,,,,,,,,,,,,,,,,,,,,,,,,,,,,,,,,,,,,,,,,,,,,,,,,,,,,,,,,,,,,,,,,,,002,001,2022-07-26_13h13.38.321,CSVTrial2,2022.1.3,60.06428079417748,
Question 1:,stim/Tp_D_CNN_S_B_sec00023_sec00022_00044.tif,"The AI system has determined that the above image is not authentic. 
Do you accept or deny this claim?",stim/image_based_Tp_D_CNN_S_B_sec00023_sec00022_00044.tif.png,,,,,,,,,,,,,0,0,0,0,,,,,,,,,,,,,,,,,"Tuesday, July 26, 2022 01:58:54",,,,,,,,,,,,,,,,,,,,,"Tuesday, July 26, 2022 01:59:27",,,,,,,,,,,,,,,4.0,4.0,3.0,3.0,1.0,4.0,4.0,3.0,2.0,3.0,3.0,,,,,,,,,,,,,,,,,,,,,,,,,,,,,,,,,,,,,,,,,,,,,,,,,,,,,,,3582.957141499999,3593.001266299998,3593.001266299998,None,1.0,25.90427379999892,3593.001266299998,None,4.0,31.01526610000292,3593.001266299998,None,3593.001266299998,None,2.0,32.308620699997846,3593.001266299998,None,"[-0.5888889, -0.5777778, -0.3462963, 0.42314816, 0.5555556]","[-0.1037037, -0.107407406, -0.29722223, -0.18425927, -0.45740741]","[1, 1, 1, 1, 1]","[0, 0, 0, 0, 0]","[0, 0, 0, 0, 0]","[14.905684500001371, 15.713975100003154, 20.807456900001853, 22.14324740000302, 22.859819700002845]",['Click_to_Continue_7'],10.055446580001444,None,3615.2947925000008,None,,,,,,,,,,,,,,,,,,,,,,,,,,,,,,,,,,,,,,,,,,,,,,,,,,,002,001,2022-07-26_13h13.38.321,CSVTrial2,2022.1.3,60.06428079417748,
Question 2:,stim/Au_art_30124.jpg,"The AI system has determined that the above image is authentic.
Do you accept or deny this claim?",stim/Au_art_30124.jpg,,,,,,,,,,,,,0,1,1,1,,,,,,,,,,,,,,,,,"Tuesday, July 26, 2022 01:59:27",,,,,,,,,,,,,,,,,,,,,"Tuesday, July 26, 2022 01:59:56",,,,,,,,,,,,,,,,,,,,,,,,,,,,,,,,,,,,,,,,,,,,,,,,,,,,,,,,,,,,,,,,,,,,,,,,,,,,,,,,3615.911856499999,3625.968862400001,3625.9324583999987,None,1.0,24.238284200000635,3625.9324583999987,None,5.0,25.53959119999854,3625.9324583999987,None,3625.9324583999987,None,3.0,28.21779450000031,3625.9324583999987,None,"[-0.5648148, -0.25185186, 0.50555557, 0.5740741]","[-0.096296296, -0.30833334, -0.18703704, -0.46296296]","[1, 1, 1, 1]","[0, 0, 0, 0]","[0, 0, 0, 0]","[14.037747000002128, 15.355870600000344, 18.082271300001594, 18.92541540000093]",['Click_to_Continue_7'],10.027594780000072,None,3644.1595251,None,,,,,,,,,,,,,,,,,,,,,,,,,,,,,,,,,,,,,,,,,,,,,,,,,,,002,001,2022-07-26_13h13.38.321,CSVTrial2,2022.1.3,60.06428079417748,
Question 3:,stim/Au_cha_00098.jpg,"The AI system has determined that the above image is authentic.
Do you accept or deny this claim?",stim/Au_cha_00098.jpg,,,,,,,,,,,,,0,2,2,2,,,,,,,,,,,,,,,,,"Tuesday, July 26, 2022 01:59:56",,,,,,,,,,,,,,,,,,,,,"Tuesday, July 26, 2022 02:00:20",,,,,,,,,,,,,,,,,,,,,,,,,,,,,,,,,,,,,,,,,,,,,,,,,,,,,,,,,,,,,,,,,,,,,,,,,,,,,,,,3644.892785199998,3654.9437314999996,3654.912494600001,None,1.0,20.86282510000092,3654.912494600001,None,5.0,21.68072140000004,3654.912494600001,None,3654.912494600001,None,3.0,23.487989600002038,3654.912494600001,None,"[-0.5712963, -0.23518519, 0.48055556, 0.62222224, 0.59074074]","[-0.09907407, -0.30925927, -0.19074073, -0.46944445, -0.4648148]","[1, 1, 1, 1, 1]","[0, 0, 0, 0, 0]","[0, 0, 0, 0, 0]","[10.68380089999846, 11.565510000000359, 13.3576925999987, 14.180678400000033, 14.59398549999969]",['Click_to_Continue_7'],10.025066720001632,None,3668.4122805000006,None,,,,,,,,,,,,,,,,,,,,,,,,,,,,,,,,,,,,,,,,,,,,,,,,,,,002,001,2022-07-26_13h13.38.321,CSVTrial2,2022.1.3,60.06428079417748,
Question 4:,stim/Au_cha_30078.jpg,"The AI system has determined that the above image is authentic.
Do you accept or deny this claim?",stim/Au_cha_30078.jpg,,,,,,,,,,,,,0,3,3,3,,,,,,,,,,,,,,,,,"Tuesday, July 26, 2022 02:00:20",,,,,,,,,,,,,,,,,,,,,"Tuesday, July 26, 2022 02:00:49",,,,,,,,,,,,,,,,,,,,,,,,,,,,,,,,,,,,,,,,,,,,,,,,,,,,,,,,,,,,,,,,,,,,,,,,,,,,,,,,3669.5429318999995,3679.5780213,3679.554337999998,None,1.0,13.688100300001679,3679.554337999998,None,2.0,25.541057700000238,3679.554337999998,None,3679.554337999998,None,2.0,27.465318099999422,3679.554337999998,None,"[-0.55925924, -0.33888888, -0.4564815, -0.5277778, 0.4074074, 0.5388889]","[-0.09537037, -0.3074074, -0.31388888, -0.29722223, -0.20277777, -0.43796295]","[1, 1, 1, 1, 1, 1]","[0, 0, 0, 0, 0, 0]","[0, 0, 0, 0, 0, 0]","[3.554052199997386, 4.675796600000467, 13.578164799997467, 15.355847200000426, 17.32984459999716, 18.154389299998]",['Click_to_Continue_7'],10.016346620002878,None,3697.037930800001,None,,,,,,,,,,,,,,,,,,,,,,,,,,,,,,,,,,,,,,,,,,,,,,,,,,,002,001,2022-07-26_13h13.38.321,CSVTrial2,2022.1.3,60.06428079417748,
Question 5:,stim/Tp_D_CNN_S_B_txt00055_txt00047_11328.jpg.png,"The AI system has determined that the above image is not authentic.
Do you accept or deny this claim?",stim/image_based_Tp_D_CNN_S_B_txt00055_txt00047_11328.jpg.png,,,,,,,,,,,,,0,4,4,4,,,,,,,,,,,,,,,,,"Tuesday, July 26, 2022 02:00:49",,,,,,,,,,,,,,,,,,,,,"Tuesday, July 26, 2022 02:01:20",,,,,,,,,,,,,,,,,,,,,,,,,,,,,,,,,,,,,,,,,,,,,,,,,,,,,,,,,,,,,,,,,,,,,,,,,,,,,,,,3697.747220699999,3707.781492899998,3707.756736700001,None,1.0,27.488642500000424,3707.756736700001,None,4.0,28.28079030000299,3707.756736700001,None,3707.756736700001,None,3.0,30.270416600000317,3707.756736700001,None,"[-0.5685185, -0.35092592, 0.47685185, 0.52962965]","[-0.1, -0.29259259, -0.2074074, -0.46574074]","[1, 1, 1, 1]","[0, 0, 0, 0]","[0, 0, 0, 0]","[17.379206800000247, 18.15133600000263, 20.098715800002537, 21.21686260000206]",['Click_to_Continue_7'],10.028551379997225,None,3728.050650199999,None,,,,,,,,,,,,,,,,,,,,,,,,,,,,,,,,,,,,,,,,,,,,,,,,,,,002,001,2022-07-26_13h13.38.321,CSVTrial2,2022.1.3,60.06428079417748,
Question 6:,stim/Tp_D_CNN_S_N_ani10198_ani10197_12407.jpg.png,"The AI system has determined that the above image is not authentic.
Do you accept or deny this claim?",stim/image_based_Tp_D_CNN_S_N_ani10198_ani10197_12407.jpg.png,,,,,,,,,,,,,0,5,5,5,,,,,,,,,,,,,,,,,"Tuesday, July 26, 2022 02:01:20",,,,,,,,,,,,,,,,,,,,,"Tuesday, July 26, 2022 02:01:48",,,,,,,,,,,,,,,,,,,,,,,,,,,,,,,,,,,,,,,,,,,,,,,,,,,,,,,,,,,,,,,,,,,,,,,,,,,,,,,,3729.0221218999977,3739.036886599999,3739.036886599999,None,2.0,16.721108699999604,3739.036886599999,None,4.0,24.794957300000533,3739.036886599999,None,3739.036886599999,None,1.0,27.31065630000012,3739.036886599999,None,"[-0.33333334, -0.33333334, 0.28611112, 0.30555555, 0.5833333]","[-0.098148145, -0.29259259, -0.19259259, -0.20648149, -0.44351852]","[1, 1, 1, 1, 1]","[0, 0, 0, 0, 0]","[0, 0, 0, 0, 0]","[6.5675122999964515, 14.65604059999896, 16.14052029999948, 17.174213399997825, 18.028852099996584]",['Click_to_Continue_7'],10.023078680002072,None,3756.364998199999,None,,,,,,,,,,,,,,,,,,,,,,,,,,,,,,,,,,,,,,,,,,,,,,,,,,,002,001,2022-07-26_13h13.38.321,CSVTrial2,2022.1.3,60.06428079417748,
Question 7:,stim/Tp_D_CRD_S_N_ind00029_ind00088_00444.tif.png,"The AI system has determined that the above image is not authentic.
Do you accept or deny this claim?",stim/image_based_Tp_D_CRD_S_N_ind00029_ind00088_00444.tif.png,,,,,,,,,,,,,0,6,6,6,,,,,,,,,,,,,,,,,"Tuesday, July 26, 2022 02:01:48",,,,,,,,,,,,,,,,,,,,,"Tuesday, July 26, 2022 02:02:14",,,,,,,,,,,,,,,,,,,,,,,,,,,,,,,,,,,,,,,,,,,,,,,,,,,,,,,,,,,,,,,,,,,,,,,,,,,,,,,,3757.1066122999982,3767.1430961000005,3767.1202150999998,None,2.0,20.63881919999767,3767.1202150999998,None,3.0,21.806339300001127,3767.1202150999998,None,3767.1202150999998,None,1.0,25.346906599999784,3767.1202150999998,None,"[-0.33425927, -0.42685184, 0.33796296, 0.5694444]","[-0.11296296, -0.29444444, -0.18796296, -0.4648148]","[1, 1, 1, 1]","[0, 0, 0, 0]","[0, 0, 0, 0]","[10.482349699999759, 11.620427000001655, 15.212933099999645, 15.94005610000022]",['Click_to_Continue_7'],10.028616179999517,None,3782.485110999998,None,,,,,,,,,,,,,,,,,,,,,,,,,,,,,,,,,,,,,,,,,,,,,,,,,,,002,001,2022-07-26_13h13.38.321,CSVTrial2,2022.1.3,60.06428079417748,
Question 8:,stim/Au_cha_30543.jpg,"The AI system has determined that the above image is authentic.
Do you accept or deny this claim?",stim/Au_cha_30543.jpg,,,,,,,,,,,,,0,7,7,7,,,,,,,,,,,,,,,,,"Tuesday, July 26, 2022 02:02:14",,,,,,,,,,,,,,,,,,,,,"Tuesday, July 26, 2022 02:02:31",,,,,,,,,,,,,,,,,,,,,,,,,,,,,,,,,,,,,,,,,,,,,,,,,,,,,,,,,,,,,,,,,,,,,,,,,,,,,,,,3783.103976300001,3793.120132799999,3793.120132799999,None,1.0,13.016591299998254,3793.120132799999,None,4.0,14.509747399999469,3793.120132799999,None,3793.120132799999,None,3.0,16.68300839999938,3793.120132799999,None,"[-0.5740741, -0.3314815, 0.48333332, 0.537037]","[-0.10555556, -0.2962963, -0.19074073, -0.44351852]","[1, 1, 1, 1]","[0, 0, 0, 0]","[0, 0, 0, 0]","[2.8617680000024848, 4.3665424000028, 6.552426300000661, 7.390830800002732]",['Click_to_Continue_7'],10.028441379996366,None,3799.816168999998,None,,,,,,,,,,,,,,,,,,,,,,,,,,,,,,,,,,,,,,,,,,,,,,,,,,,002,001,2022-07-26_13h13.38.321,CSVTrial2,2022.1.3,60.06428079417748,
Question 9:,stim/Tp_D_CRD_S_N_sec00003_sec00007_00023.tif,"The AI system has determined that the above image is authentic.
Do you accept or deny this claim?",stim/Tp_D_CRD_S_N_sec00003_sec00007_00023.tif,,,,,,,,,,,,,0,8,8,8,,,,,,,,,,,,,,,,,"Tuesday, July 26, 2022 02:02:31",,,,,,,,,,,,,,,,,,,,,"Tuesday, July 26, 2022 02:02:56",,,,,,,,,,,,,,,,,,,,,,,,,,,,,,,,,,,,,,,,,,,,,,,,,,,,,,,,,,,,,,,,,,,,,,,,,,,,,,,,3800.558029399999,3810.5991876000007,3810.5747365999996,None,1.0,19.387591799997608,3810.5747365999996,None,5.0,20.34194320000097,3810.5747365999996,None,3810.5747365999996,None,3.0,23.692253000001074,3810.5747365999996,None,"[-0.56574076, -0.25462964, 0.5138889, 0.5037037, 0.5574074]","[-0.09351852, -0.29814816, -0.19722222, -0.19351852, -0.45]","[1, 1, 1, 1, 1]","[0, 0, 0, 0, 0]","[0, 0, 0, 0, 0]","[9.230931000001874, 10.200867300001846, 12.662698600001022, 13.571330800001306, 14.358275300000969]",['Click_to_Continue_7'],10.025446280003962,None,3824.2872395999984,None,,,,,,,,,,,,,,,,,,,,,,,,,,,,,,,,,,,,,,,,,,,,,,,,,,,002,001,2022-07-26_13h13.38.321,CSVTrial2,2022.1.3,60.06428079417748,
Question 10:,stim/Au_ind_00022.jpg,"The AI system has determined that the above image is authentic.
Do you accept or deny this claim?",stim/Au_ind_00022.jpg,,,,,,,,,,,,,0,9,9,9,,,,,,,,,,,,,,,,,"Tuesday, July 26, 2022 02:02:56",,,,,,,,,,,,,,,,,,,,,"Tuesday, July 26, 2022 02:03:36",,,,,,,,,,,,,,,,,,,,,,,,,,,,,,,,,,,,,,,,,,,,,,,,,,,,,,,,,,,,,,,,,,,,,,,,,,,,,,,,3824.9738627000006,3835.0187558,3834.9903459999987,None,1.0,34.17523549999896,3834.9903459999987,None,3.0,35.41205369999807,3834.9903459999987,None,3834.9903459999987,None,2.0,39.21387659999891,3834.9903459999987,None,"[-0.5611111, -0.46388888, 0.37777779, 0.5083333]","[-0.08796296, -0.30555555, -0.17592593, -0.4462963]","[1, 1, 1, 1]","[0, 0, 0, 0]","[0, 0, 0, 0]","[23.98782090000168, 25.2407764999989, 29.07512080000015, 29.844398199998977]",['Click_to_Continue_7'],10.031524580001133,None,3864.2215238999997,None,,,,,,,,,,,,,,,,,,,,,,,,,,,,,,,,,,,,,,,,,,,,,,,,,,,002,001,2022-07-26_13h13.38.321,CSVTrial2,2022.1.3,60.06428079417748,
Question 11:,stim/Au_art_30396.jpg,"The AI system has determined that the above image is not authentic.
Do you accept or deny this claim?",stim/image_based_Au_art_30396.jpg.png,,,,,,,,,,,,,0,10,10,10,,,,,,,,,,,,,,,,,"Tuesday, July 26, 2022 02:03:36",,,,,,,,,,,,,,,,,,,,,"Tuesday, July 26, 2022 02:04:01",,,,,,,,,,,,,,,,,,,,,,,,,,,,,,,,,,,,,,,,,,,,,,,,,,,,,,,,,,,,,,,,,,,,,,,,,,,,,,,,3864.9011576999983,3874.917410599999,3874.917410599999,None,2.0,17.69401310000103,3874.917410599999,None,3.0,18.610477999998693,3874.917410599999,None,3874.917410599999,None,3.0,24.7977189000012,3874.917410599999,None,"[-0.30925927, -0.325, -0.45925927, 0.48518518, 0.5462963]","[-0.09074074, -0.11666667, -0.3, -0.18888889, -0.44814816]","[1, 1, 1, 1, 1]","[0, 0, 0, 0, 0]","[0, 0, 0, 0, 0]","[6.604260300002352, 7.517430700001569, 8.429029700000683, 14.667704999999842, 15.376484899999923]",['Click_to_Continue_7'],10.027404740001657,None,3889.7336359,None,,,,,,,,,,,,,,,,,,,,,,,,,,,,,,,,,,,,,,,,,,,,,,,,,,,002,001,2022-07-26_13h13.38.321,CSVTrial2,2022.1.3,60.06428079417748,
Question 12:,stim/Tp_D_CRN_M_N_cha00035_cha00040_11732.jpg,"The AI system has determined that the above image is not authentic.
Do you accept or deny this claim?",stim/image_based_Tp_D_CRN_M_N_cha00035_cha00040_11732.jpg.png,,,,,,,,,,,,,0,11,11,11,,,,,,,,,,,,,,,,,"Tuesday, July 26, 2022 02:04:01",,,,,,,,,,,,,,,,,,,,,"Tuesday, July 26, 2022 02:04:26",,,,,,,,,,,,,,,,,,,,,,,,,,,,,,,,,,,,,,,,,,,,,,,,,,,,,,,,,,,,,,,,,,,,,,,,,,,,,,,,3890.3352729,3900.3745019999988,3900.3499147,None,1.0,20.27330939999956,3900.3499147,None,5.0,21.2728672000012,3900.3499147,None,3900.3499147,None,2.0,23.700272800000675,3900.3499147,None,"[-0.5861111, -0.2574074, 0.4027778, 0.5712963]","[-0.11574074, -0.2851852, -0.19351852, -0.4351852]","[1, 1, 1, 1]","[0, 0, 0, 0]","[0, 0, 0, 0]","[10.102803600002517, 11.140006300000096, 13.598722400001861, 14.624502900001971]",['Click_to_Continue_7'],10.028562679999595,None,3914.070541199999,None,,,,,,,,,,,,,,,,,,,,,,,,,,,,,,,,,,,,,,,,,,,,,,,,,,,002,001,2022-07-26_13h13.38.321,CSVTrial2,2022.1.3,60.06428079417748,
Question 13:,stim/Tp_D_CRN_M_N_cha00094_cha00086_11501.jpg,"The AI system has determined that the above image is not authentic.
Do you accept or deny this claim?",stim/image_based_Tp_D_CRN_M_N_cha00094_cha00086_11501.jpg.png,,,,,,,,,,,,,0,12,12,12,,,,,,,,,,,,,,,,,"Tuesday, July 26, 2022 02:04:26",,,,,,,,,,,,,,,,,,,,,"Tuesday, July 26, 2022 02:04:52",,,,,,,,,,,,,,,,,,,,,,,,,,,,,,,,,,,,,,,,,,,,,,,,,,,,,,,,,,,,,,,,,,,,,,,,,,,,,,,,3915.0368850999985,3925.0843411999995,3925.0550433999997,None,1.0,22.747660500001075,3925.0550433999997,None,2.0,24.20699450000029,3925.0550433999997,None,3925.0550433999997,None,2.0,25.4559814000022,3925.0550433999997,None,"[-0.5648148, -0.5546296, 0.41111112, 0.53425926]","[-0.098148145, -0.29722223, -0.19074073, -0.45833334]","[1, 1, 1, 1]","[0, 0, 0, 0]","[0, 0, 0, 0]","[12.564819800001715, 14.081040799999755, 15.355775399999402, 16.07978490000096]",['Click_to_Continue_7'],10.028319140001258,None,3940.536436399998,None,,,,,,,,,,,,,,,,,,,,,,,,,,,,,,,,,,,,,,,,,,,,,,,,,,,002,001,2022-07-26_13h13.38.321,CSVTrial2,2022.1.3,60.06428079417748,
Question 14:,stim/Au_art_20034.jpg,"The AI system has determined that the above image is authentic.
Do you accept or deny this claim?",stim/Au_art_20034.jpg,,,,,,,,,,,,,0,13,13,13,,,,,,,,,,,,,,,,,"Tuesday, July 26, 2022 02:04:52",,,,,,,,,,,,,,,,,,,,,"Tuesday, July 26, 2022 02:05:16",,,,,,,,,,,,,,,,,,,,,,,,,,,,,,,,,,,,,,,,,,,,,,,,,,,,,,,,,,,,,,,,,,,,,,,,,,,,,,,,3941.200190200001,3951.2484196999976,3951.2251929999984,None,1.0,18.94536330000119,3951.2251929999984,None,2.0,19.78100489999997,3951.2251929999984,None,3951.2251929999984,None,2.0,21.08884460000263,3951.2251929999984,None,"[-0.57222223, -0.5407407, 0.41296297, 0.55]","[-0.107407406, -0.3, -0.19629629, -0.44166666]","[1, 1, 1, 1]","[0, 0, 0, 0]","[0, 0, 0, 0]","[8.765274800000043, 9.643154200002755, 10.960925100000168, 13.419550300000992]",['Click_to_Continue_7'],10.034923940002045,None,3962.335447199999,None,,,,,,,,,,,,,,,,,,,,,,,,,,,,,,,,,,,,,,,,,,,,,,,,,,,002,001,2022-07-26_13h13.38.321,CSVTrial2,2022.1.3,60.06428079417748,
Question 15:,stim/Tp_D_CRN_M_N_cha10166_nat10123_12273.jpg,"The AI system has determined that the above image is not authentic.
Do you accept or deny this claim?",stim/image_based_Tp_D_CRN_M_N_cha10166_nat10123_12273.jpg.png,,,,,,,,,,,,,0,14,14,14,,,,,,,,,,,,,,,,,"Tuesday, July 26, 2022 02:05:16",,,,,,,,,,,,,,,,,,,,,"Tuesday, July 26, 2022 02:05:36",,,,,,,,,,,,,,,,,,,,,,,,,,,,,,,,,,,,,,,,,,,,,,,,,,,,,,,,,,,,,,,,,,,,,,,,,,,,,,,,3964.7184634999976,3974.764452700001,3974.738045899998,None,2.0,15.29144940000333,3974.738045899998,None,2.0,16.912707200001023,3974.738045899998,None,3974.738045899998,None,3.0,19.77366940000138,3974.738045899998,None,"[-0.32777777, -0.5212963, 0.5, 0.5388889]","[-0.11203704, -0.29722223, -0.18888889, -0.43888888]","[1, 1, 1, 1]","[0, 0, 0, 0]","[0, 0, 0, 0]","[5.057477199999994, 6.7188527999969665, 9.634578499997588, 10.378616599999077]",['Click_to_Continue_7'],10.034667799998715,None,3984.5354251999997,None,,,,,,,,,,,,,,,,,,,,,,,,,,,,,,,,,,,,,,,,,,,,,,,,,,,002,001,2022-07-26_13h13.38.321,CSVTrial2,2022.1.3,60.06428079417748,
Question 16:,stim/Tp_D_CRN_M_N_nat00032_art00025_11427.jpg,"The AI system has determined that the above image is authentic.
Do you accept or deny this claim?",stim/Tp_D_CRN_M_N_nat00032_art00025_11427.jpg,,,,,,,,,,,,,0,15,15,15,,,,,,,,,,,,,,,,,"Tuesday, July 26, 2022 02:05:36",,,,,,,,,,,,,,,,,,,,,"Tuesday, July 26, 2022 02:05:58",,,,,,,,,,,,,,,,,,,,,,,,,,,,,,,,,,,,,,,,,,,,,,,,,,,,,,,,,,,,,,,,,,,,,,,,,,,,,,,,3985.173064800001,3995.2130856000003,3995.1864558999987,None,1.0,16.43578239999988,3995.1864558999987,None,4.0,17.605842799999664,3995.1864558999987,None,3995.1864558999987,None,3.0,19.137402600001224,3995.1864558999987,None,"[-0.5787037, -0.3472222, 0.49351853, 0.58518517]","[-0.08611111, -0.28703704, -0.20648149, -0.45833334]","[1, 1, 1, 1]","[0, 0, 0, 0]","[0, 0, 0, 0]","[6.2715218999983335, 7.452738500000123, 9.035758300000452, 11.872419100000116]",['Click_to_Continue_7'],10.030510240001604,None,4004.3416599999982,None,,,,,,,,,,,,,,,,,,,,,,,,,,,,,,,,,,,,,,,,,,,,,,,,,,,002,001,2022-07-26_13h13.38.321,CSVTrial2,2022.1.3,60.06428079417748,
Question 17:,stim/Au_cha_30348.jpg,"The AI system has determined that the above image is not authentic.
Do you accept or deny this claim?",stim/image_based_Au_cha_30348.jpg.png,,,,,,,,,,,,,0,16,16,16,,,,,,,,,,,,,,,,,"Tuesday, July 26, 2022 02:05:58",,,,,,,,,,,,,,,,,,,,,"Tuesday, July 26, 2022 02:06:16",,,,,,,,,,,,,,,,,,,,,,,,,,,,,,,,,,,,,,,,,,,,,,,,,,,,,,,,,,,,,,,,,,,,,,,,,,,,,,,,4007.103495799998,4017.1359970999983,4017.1127275,None,2.0,13.450944599997456,4017.1127275,None,3.0,14.709173100000044,4017.1127275,None,4017.1127275,None,1.0,16.03717619999952,4017.1127275,None,"[-0.3361111, -0.44444445, 0.30277777, 0.5555556]","[-0.09537037, -0.29259259, -0.19259259, -0.44537038]","[1, 1, 1, 1]","[0, 0, 0, 0]","[0, 0, 0, 0]","[3.303899899998214, 4.589436999998725, 5.9104888000001665, 7.9290516000000935]",['Click_to_Continue_7'],10.020187480000459,None,4023.1731746999976,None,,,,,,,,,,,,,,,,,,,,,,,,,,,,,,,,,,,,,,,,,,,,,,,,,,,002,001,2022-07-26_13h13.38.321,CSVTrial2,2022.1.3,60.06428079417748,
Question 18:,stim/Au_nat_10124.jpg,"The AI system has determined that the above image is authentic.
Do you accept or deny this claim?",stim/Au_nat_10124.jpg,,,,,,,,,,,,,0,17,17,17,,,,,,,,,,,,,,,,,"Tuesday, July 26, 2022 02:06:16",,,,,,,,,,,,,,,,,,,,,"Tuesday, July 26, 2022 02:06:37",,,,,,,,,,,,,,,,,,,,,,,,,,,,,,,,,,,,,,,,,,,,,,,,,,,,,,,,,,,,,,,,,,,,,,,,,,,,,,,,4025.0915330999997,4035.1136171,4035.1136171,None,1.0,15.857796800002689,4035.1136171,None,4.0,16.914569599997776,4035.1136171,None,4035.1136171,None,3.0,18.685378199999832,4035.1136171,None,"[-0.57592595, -0.3398148, 0.48703703, 0.53518516]","[-0.098148145, -0.29444444, -0.19074073, -0.45833334]","[1, 1, 1, 1]","[0, 0, 0, 0]","[0, 0, 0, 0]","[5.720092899999145, 6.733173199998419, 8.552604699998483, 10.990269900001294]",['Click_to_Continue_7'],10.028823380001995,None,4043.807706899999,None,,,,,,,,,,,,,,,,,,,,,,,,,,,,,,,,,,,,,,,,,,,,,,,,,,,002,001,2022-07-26_13h13.38.321,CSVTrial2,2022.1.3,60.06428079417748,
Question 19:,stim/Au_nat_10142.bmp,"The AI system has determined that the above image is authentic.
Do you accept or deny this claim?",stim/Au_nat_10142.bmp,,,,,,,,,,,,,0,18,18,18,,,,,,,,,,,,,,,,,"Tuesday, July 26, 2022 02:06:37",,,,,,,,,,,,,,,,,,,,,"Tuesday, July 26, 2022 02:06:58",,,,,,,,,,,,,,,,,,,,,,,,,,,,,,,,,,,,,,,,,,,,,,,,,,,,,,,,,,,,,,,,,,,,,,,,,,,,,,,,4046.1705696999998,4056.211690100001,4056.211690100001,None,1.0,15.290082200001052,4056.211690100001,None,5.0,16.854687099999865,4056.211690100001,None,4056.211690100001,None,1.0,20.121327000000747,4056.211690100001,None,"[-0.5787037, -0.25833333, 0.49444443, 0.30925927, 0.53518516]","[-0.097222224, -0.2851852, -0.18981482, -0.19814815, -0.43611112]","[1, 1, 1, 1, 1]","[0, 0, 0, 0, 0]","[0, 0, 0, 0, 0]","[5.1009297000018705, 6.744334300001356, 8.530676700000186, 10.05025999999998, 11.002338300000702]",['Click_to_Continue_7'],9.999078839999129,None,4064.8392055000004,None,,,,,,,,,,,,,,,,,,,,,,,,,,,,,,,,,,,,,,,,,,,,,,,,,,,002,001,2022-07-26_13h13.38.321,CSVTrial2,2022.1.3,60.06428079417748,
,,,,,,,,,,,,,,,,,,,,,,,,,,,,,,,,,,,,,,,,,,,,,,,,,,,,,,,,,,,,5.0,5.0,4.0,5.0,4.0,4.0,4.0,4.0,4.0,5.0,4.0,5.0,,,,,,,,,,,,,,,,,,,,,,,,,,,,,,,,,,,,,,,,,,,,,,,,,,,,,,,,,,,,,,,,,,,,,,,,,,,,,,,,,,,,,,,,,,,,,,,4067.194227199998,None,,,,,,,,,,,,,,,,,,,,,,,,,,,,,,,,,,,,,,,,,,,,,,,,,002,001,2022-07-26_13h13.38.321,CSVTrial2,2022.1.3,60.06428079417748,
,,,,,,,,,,,,,,,,,,,,,,,,,,,,,,,,,,,,,,,,,,,,,,,,,,,,,,,,,,,,,,,,,,,,,,,,4.0,5.0,4.0,4.0,4.0,5.0,5.0,4.0,5.0,4.0,5.0,,,,,,,,,,,,,,,,,,,,,,,,,,,,,,,,,,,,,,,,,,,,,,,,,,,,,,,,,,,,,,,,,,,,,,,,,,,,,,,,,,,,,,4195.575682399998,None,3.0,19.515560099996947,4195.575682399998,None,"[0.10555556, 0.5555556]","[0.0018518518, -0.4462963]","[1, 1]","[0, 0]","[0, 0]","[19.40839369999958, 21.108172399999603]",['Click_to_Continue_5'],0.010977360005199444,None,,,,,,,,,,,,,,,,,,,,,,,,,,,,,,,,,,002,001,2022-07-26_13h13.38.321,CSVTrial2,2022.1.3,60.06428079417748,
Question 1:,stim/Tp_D_CRN_M_N_pla00010_pla00020_10001.tif,"The AI system has determined that the above image is not authentic. 
Do you accept or deny this claim?",stim/image_based_Tp_D_CRN_M_N_pla00010_pla00020_10001.tif.png,,,,,,,,,,,,,,,,,,,,,,,,,0,0,0,0,,,,,"Tuesday, July 26, 2022 02:09:32",,,,,,,,,,,,,,,,,,,,,"Tuesday, July 26, 2022 02:09:56",,,,,,,,,,,,,,,,,,,,,,,,,,,,,,,,,,,,,,,,,,,,,,,,,,,,,,,,,,,,,,,,,,,,,,,,,,,,,,,,,,,,,,,,,,,,,,,,,,,,,,,,,,,,,,,,,,,,,,,,,,,,,,None,None,4221.059297299998,4231.112492,4231.087912999999,None,1.0,18.649293300000863,4231.087912999999,None,3.0,21.04914160000044,4231.087912999999,None,4231.087912999999,None,2.0,23.0985376000026,4231.087912999999,None,"[-0.56574076, -0.45185184, 0.4101852, 0.5407407]","[-0.10555556, -0.3074074, -0.20648149, -0.46203703]","[1, 1, 1, 1]","[0, 0, 0, 0]","[0, 0, 0, 0]","[8.510845400000107, 10.916419199998927, 12.977085399998032, 13.828240599999845]",['Click_to_Continue_11'],10.033714280001732,None,4244.1926012,None,,,002,001,2022-07-26_13h13.38.321,CSVTrial2,2022.1.3,60.06428079417748,
Question 2:,stim/Au_art_10017.jpg,"The AI system has determined that the above image is authentic.
Do you accept or deny this claim?",stim/Au_art_10017.jpg,,,,,,,,,,,,,,,,,,,,,,,,,0,1,1,1,,,,,"Tuesday, July 26, 2022 02:09:56",,,,,,,,,,,,,,,,,,,,,"Tuesday, July 26, 2022 02:10:12",,,,,,,,,,,,,,,,,,,,,,,,,,,,,,,,,,,,,,,,,,,,,,,,,,,,,,,,,,,,,,,,,,,,,,,,,,,,,,,,,,,,,,,,,,,,,,,,,,,,,,,,,,,,,,,,,,,,,,,,,,,,,,,,4244.9822245,4255.0271154,4255.0271154,None,1.0,12.960085299997445,4255.0271154,None,5.0,14.158605100001296,4255.0271154,None,4255.0271154,None,1.0,15.500246700001298,4255.0271154,None,"[-0.5611111, -0.25, 0.2935185, 0.56666666]","[-0.1037037, -0.31666666, -0.19259259, -0.4351852]","[1, 1, 1, 1]","[0, 0, 0, 0]","[0, 0, 0, 0]","[2.752195099998062, 3.994979399998556, 5.315686399997503, 6.491191999997682]",['Click_to_Continue_11'],10.052890039998601,None,4260.516610899998,None,,,002,001,2022-07-26_13h13.38.321,CSVTrial2,2022.1.3,60.06428079417748,
Question 3:,stim/Au_art_20063.jpg,"The AI system has determined that the above image is not authentic.
Do you accept or deny this claim?",stim/image_based_Au_art_20063.jpg.png,,,,,,,,,,,,,,,,,,,,,,,,,0,2,2,2,,,,,"Tuesday, July 26, 2022 02:10:12",,,,,,,,,,,,,,,,,,,,,"Tuesday, July 26, 2022 02:10:31",,,,,,,,,,,,,,,,,,,,,,,,,,,,,,,,,,,,,,,,,,,,,,,,,,,,,,,,,,,,,,,,,,,,,,,,,,,,,,,,,,,,,,,,,,,,,,,,,,,,,,,,,,,,,,,,,,,,,,,,,,,,,,,,4261.603591299998,4271.633852399998,4271.633852399998,None,2.0,14.384398299996974,4271.633852399998,None,3.0,16.201956100001553,4271.633852399998,None,4271.633852399998,None,3.0,17.79188349999822,4271.633852399998,None,"[-0.3212963, -0.4537037, 0.49074075, 0.5555556]","[-0.10462963, -0.30462962, -0.18796296, -0.44444445]","[1, 1, 1, 1]","[0, 0, 0, 0]","[0, 0, 0, 0]","[4.2218628999980865, 6.017057299999578, 7.624652200000128, 8.328879799999413]",['Click_to_Continue_11'],10.037783400002809,None,4279.4320037,None,,,002,001,2022-07-26_13h13.38.321,CSVTrial2,2022.1.3,60.06428079417748,
Question 4:,stim/Tp_D_CRN_S_N_ani10205_ani10206_12417.jpg,"The AI system has determined that the above image is not authentic.
Do you accept or deny this claim?",stim/image_based_Tp_D_CRN_S_N_ani10205_ani10206_12417.jpg.png,,,,,,,,,,,,,,,,,,,,,,,,,0,3,3,3,,,,,"Tuesday, July 26, 2022 02:10:31",,,,,,,,,,,,,,,,,,,,,"Tuesday, July 26, 2022 02:10:54",,,,,,,,,,,,,,,,,,,,,,,,,,,,,,,,,,,,,,,,,,,,,,,,,,,,,,,,,,,,,,,,,,,,,,,,,,,,,,,,,,,,,,,,,,,,,,,,,,,,,,,,,,,,,,,,,,,,,,,,,,,,,,,,4280.0310672999985,4290.057078599999,4290.057078599999,None,2.0,16.618054200000188,4290.057078599999,None,4.0,20.209939399999712,4290.057078599999,None,4290.057078599999,None,1.0,21.925545000001875,4290.057078599999,None,"[-0.3074074, -0.32037038, -0.3425926, 0.31296295, 0.55925924]","[-0.087037034, -0.108333334, -0.3037037, -0.19537038, -0.45277777]","[1, 1, 1, 1, 1]","[0, 0, 0, 0, 0]","[0, 0, 0, 0, 0]","[5.821240299999772, 6.421806700000161, 10.016286800000671, 11.812483699999575, 12.638694200002647]",['Click_to_Continue_11'],10.030254840003181,None,4301.991627899999,None,,,002,001,2022-07-26_13h13.38.321,CSVTrial2,2022.1.3,60.06428079417748,
Question 5:,stim/Tp_D_CRN_S_N_cha10149_cha10148_12225.jpg,"The AI system has determined that the above image is not authentic.
Do you accept or deny this claim?",stim/image_based_Tp_D_CRN_S_N_cha10149_cha10148_12225.jpg.png,,,,,,,,,,,,,,,,,,,,,,,,,0,4,4,4,,,,,"Tuesday, July 26, 2022 02:10:54",,,,,,,,,,,,,,,,,,,,,"Tuesday, July 26, 2022 02:11:22",,,,,,,,,,,,,,,,,,,,,,,,,,,,,,,,,,,,,,,,,,,,,,,,,,,,,,,,,,,,,,,,,,,,,,,,,,,,,,,,,,,,,,,,,,,,,,,,,,,,,,,,,,,,,,,,,,,,,,,,,,,,,,,,4302.752107699998,4312.7923916,4312.7667583,None,1.0,24.0700625999998,4312.7667583,None,3.0,26.590781399998377,4312.7667583,None,4312.7667583,None,3.0,28.29071880000265,4312.7667583,None,"[-0.5685185, -0.45740741, 0.49166667, 0.55833334]","[-0.08981481, -0.29907408, -0.19259259, -0.45185184]","[1, 1, 1, 1]","[0, 0, 0, 0]","[0, 0, 0, 0]","[13.845339299998159, 16.4328523999975, 18.169704699997965, 18.823259699998744]",['Click_to_Continue_11'],10.033820440003183,None,4331.077884099999,None,,,002,001,2022-07-26_13h13.38.321,CSVTrial2,2022.1.3,60.06428079417748,
Question 6:,stim/Au_art_10107.jpg,"The AI system has determined that the above image is authentic.
Do you accept or deny this claim?",stim/Au_art_10107.jpg,,,,,,,,,,,,,,,,,,,,,,,,,0,5,5,5,,,,,"Tuesday, July 26, 2022 02:11:23",,,,,,,,,,,,,,,,,,,,,"Tuesday, July 26, 2022 02:11:38",,,,,,,,,,,,,,,,,,,,,,,,,,,,,,,,,,,,,,,,,,,,,,,,,,,,,,,,,,,,,,,,,,,,,,,,,,,,,,,,,,,,,,,,,,,,,,,,,,,,,,,,,,,,,,,,,,,,,,,,,,,,,,,,4331.640633899999,4341.672051999998,4341.672051999998,None,1.0,12.617961799998739,4341.672051999998,None,4.0,13.730770799997117,4341.672051999998,None,4341.672051999998,None,2.0,15.335720200000651,4341.672051999998,None,"[-0.57222223, -0.34814814, 0.41296297, 0.5703704]","[-0.09907407, -0.30925927, -0.20092593, -0.44444445]","[1, 1, 1, 1]","[0, 0, 0, 0]","[0, 0, 0, 0]","[2.481102900001133, 3.622274000001198, 5.225092300002871, 5.9099729000008665]",['Click_to_Continue_11'],10.002091579997796,None,4347.014925700001,None,,,002,001,2022-07-26_13h13.38.321,CSVTrial2,2022.1.3,60.06428079417748,
Question 7:,stim/Tp_D_CRN_S_N_nat00099_ani00017_10220.tif,"The AI system has determined that the above image is not authentic.
Do you accept or deny this claim?",stim/image_based_Tp_D_CRN_S_N_nat00099_ani00017_10220.tif.png,,,,,,,,,,,,,,,,,,,,,,,,,0,6,6,6,,,,,"Tuesday, July 26, 2022 02:11:38",,,,,,,,,,,,,,,,,,,,,"Tuesday, July 26, 2022 02:12:04",,,,,,,,,,,,,,,,,,,,,,,,,,,,,,,,,,,,,,,,,,,,,,,,,,,,,,,,,,,,,,,,,,,,,,,,,,,,,,,,,,,,,,,,,,,,,,,,,,,,,,,,,,,,,,,,,,,,,,,,,,,,,,,,4347.608522800001,4357.648505000001,4357.620748499998,None,1.0,18.097574799998256,4357.620748499998,None,5.0,22.43154449999929,4357.620748499998,None,4357.620748499998,None,3.0,24.96197100000063,4357.620748499998,None,"[-0.57314813, -0.26666668, 0.49351853, 0.5648148]","[-0.10462963, -0.29074073, -0.19259259, -0.4537037]","[1, 1, 1, 1]","[0, 0, 0, 0]","[0, 0, 0, 0]","[7.916581099998439, 12.314182300000539, 14.856625899999926, 15.787866499998927]",['Click_to_Continue_11'],10.03102434000175,None,4372.6037904,None,,,002,001,2022-07-26_13h13.38.321,CSVTrial2,2022.1.3,60.06428079417748,
Question 8:,stim/Tp_D_CRN_M_N_nat10157_nat00013_12048.jpg,"The AI system has determined that the above image is authentic.
Do you accept or deny this claim?",stim/Tp_D_CRN_M_N_nat10157_nat00013_12048.jpg,,,,,,,,,,,,,,,,,,,,,,,,,0,7,7,7,,,,,"Tuesday, July 26, 2022 02:12:04",,,,,,,,,,,,,,,,,,,,,"Tuesday, July 26, 2022 02:12:25",,,,,,,,,,,,,,,,,,,,,,,,,,,,,,,,,,,,,,,,,,,,,,,,,,,,,,,,,,,,,,,,,,,,,,,,,,,,,,,,,,,,,,,,,,,,,,,,,,,,,,,,,,,,,,,,,,,,,,,,,,,,,,,,4373.5062913,4383.550361999998,4383.526536999998,None,1.0,16.21912699999666,4383.526536999998,None,4.0,18.046197700001358,4383.526536999998,None,4383.526536999998,None,3.0,20.233366899999965,4383.526536999998,None,"[-0.5648148, -0.25, -0.33425927, 0.5083333, 0.5277778]","[-0.098148145, -0.29166666, -0.2888889, -0.20555556, -0.46296296]","[1, 1, 1, 1, 1]","[0, 0, 0, 0, 0]","[0, 0, 0, 0, 0]","[6.020980299999792, 6.989277099997707, 7.859002999997756, 10.107893099997455, 10.695969899999909]",['Click_to_Continue_11'],10.030905060008081,None,4393.775327899999,None,,,002,001,2022-07-26_13h13.38.321,CSVTrial2,2022.1.3,60.06428079417748,
Question 9:,stim/Au_art_20073.jpg,"The AI system has determined that the above image is not authentic.
Do you accept or deny this claim?",stim/image_based_Au_art_20073.jpg.png,,,,,,,,,,,,,,,,,,,,,,,,,0,8,8,8,,,,,"Tuesday, July 26, 2022 02:12:25",,,,,,,,,,,,,,,,,,,,,"Tuesday, July 26, 2022 02:12:49",,,,,,,,,,,,,,,,,,,,,,,,,,,,,,,,,,,,,,,,,,,,,,,,,,,,,,,,,,,,,,,,,,,,,,,,,,,,,,,,,,,,,,,,,,,,,,,,,,,,,,,,,,,,,,,,,,,,,,,,,,,,,,,,4394.276329799999,4404.316570799998,4404.288990999998,None,1.0,21.27105179999853,4404.288990999998,None,2.0,21.94505890000073,4404.288990999998,None,4404.288990999998,None,2.0,23.222481500000868,4404.288990999998,None,"[-0.5925926, -0.5787037, -0.5425926, 0.3962963, 0.55925924]","[-0.094444446, -0.09537037, -0.28703704, -0.19814815, -0.4537037]","[1, 1, 1, 1, 1]","[0, 0, 0, 0, 0]","[0, 0, 0, 0, 0]","[10.151823099997273, 11.118058199997904, 11.794369899998856, 13.149035799997364, 14.058291099998314]",['Click_to_Continue_11'],10.031143640004302,None,4417.532405099999,None,,,002,001,2022-07-26_13h13.38.321,CSVTrial2,2022.1.3,60.06428079417748,
Question 10:,stim/Au_art_20001.jpg,"The AI system has determined that the above image is authentic.
Do you accept or deny this claim?",stim/Au_art_20001.jpg,,,,,,,,,,,,,,,,,,,,,,,,,0,9,9,9,,,,,"Tuesday, July 26, 2022 02:12:49",,,,,,,,,,,,,,,,,,,,,"Tuesday, July 26, 2022 02:13:10",,,,,,,,,,,,,,,,,,,,,,,,,,,,,,,,,,,,,,,,,,,,,,,,,,,,,,,,,,,,,,,,,,,,,,,,,,,,,,,,,,,,,,,,,,,,,,,,,,,,,,,,,,,,,,,,,,,,,,,,,,,,,,,,4418.417481299999,4428.469720699999,4428.438628399999,None,1.0,15.735878100000264,4428.438628399999,None,4.0,17.395900899999106,4428.438628399999,None,4428.438628399999,None,3.0,19.85268840000208,4428.438628399999,None,"[-0.587963, -0.57592595, -0.35185185, 0.41759259, 0.49351853, 0.5611111]","[-0.096296296, -0.10925926, -0.29259259, -0.18888889, -0.19074073, -0.45185184]","[1, 1, 1, 1, 1, 1]","[0, 0, 0, 0, 0, 0]","[0, 0, 0, 0, 0, 0]","[4.954026200000953, 5.526698800000304, 7.171217700000852, 8.439079100000527, 9.73244650000197, 10.233543099999224]",['Click_to_Continue_11'],10.041884400001436,None,4437.0485931,None,,,002,001,2022-07-26_13h13.38.321,CSVTrial2,2022.1.3,60.06428079417748,
Question 11:,stim/Au_art_30303.jpg,"The AI system has determined that the above image is not authentic.
Do you accept or deny this claim?",stim/image_based_Au_art_30303.jpg.png,,,,,,,,,,,,,,,,,,,,,,,,,0,10,10,10,,,,,"Tuesday, July 26, 2022 02:13:10",,,,,,,,,,,,,,,,,,,,,"Tuesday, July 26, 2022 02:13:27",,,,,,,,,,,,,,,,,,,,,,,,,,,,,,,,,,,,,,,,,,,,,,,,,,,,,,,,,,,,,,,,,,,,,,,,,,,,,,,,,,,,,,,,,,,,,,,,,,,,,,,,,,,,,,,,,,,,,,,,,,,,,,,,4438.733570599998,4448.7805114,4448.752002499998,None,2.0,13.794265799999266,4448.752002499998,None,2.0,15.333626799998456,4448.752002499998,None,4448.752002499998,None,1.0,16.70296159999998,4448.752002499998,None,"[-0.3287037, -0.56574076, 0.32962963, 0.5925926]","[-0.11111111, -0.29814816, -0.19537038, -0.45092592]","[1, 1, 1, 1]","[0, 0, 0, 0]","[0, 0, 0, 0]","[3.641772899998614, 5.173074699996505, 6.554125699996803, 7.309292699999787]",['Click_to_Continue_11'],10.030312940005388,None,4455.471213000001,None,,,002,001,2022-07-26_13h13.38.321,CSVTrial2,2022.1.3,60.06428079417748,
Question 12:,stim/Au_ani_10104.jpg,"The AI system has determined that the above image is authentic.
Do you accept or deny this claim?",stim/Au_ani_10104.jpg,,,,,,,,,,,,,,,,,,,,,,,,,0,11,11,11,,,,,"Tuesday, July 26, 2022 02:13:27",,,,,,,,,,,,,,,,,,,,,"Tuesday, July 26, 2022 02:13:47",,,,,,,,,,,,,,,,,,,,,,,,,,,,,,,,,,,,,,,,,,,,,,,,,,,,,,,,,,,,,,,,,,,,,,,,,,,,,,,,,,,,,,,,,,,,,,,,,,,,,,,,,,,,,,,,,,,,,,,,,,,,,,,,4456.109710299999,4466.1334575,4466.1334575,None,1.0,13.890208100001473,4466.1334575,None,5.0,14.95467319999807,4466.1334575,None,4466.1334575,None,3.0,18.29915489999985,4466.1334575,None,"[-0.55185187, -0.25092593, 0.48981482, 0.5472222]","[-0.094444446, -0.30092594, -0.18796296, -0.45555556]","[1, 1, 1, 1]","[0, 0, 0, 0]","[0, 0, 0, 0]","[3.743708699999843, 4.779418900001474, 8.168760900000052, 9.814965500001563]",['Click_to_Continue_11'],10.031224580001435,None,4474.441483899998,None,,,002,001,2022-07-26_13h13.38.321,CSVTrial2,2022.1.3,60.06428079417748,
Question 13:,stim/Au_arc_30696.jpg,"The AI system has determined that the above image is authentic.
Do you accept or deny this claim?",stim/Au_arc_30696.jpg,,,,,,,,,,,,,,,,,,,,,,,,,0,12,12,12,,,,,"Tuesday, July 26, 2022 02:13:47",,,,,,,,,,,,,,,,,,,,,"Tuesday, July 26, 2022 02:14:11",,,,,,,,,,,,,,,,,,,,,,,,,,,,,,,,,,,,,,,,,,,,,,,,,,,,,,,,,,,,,,,,,,,,,,,,,,,,,,,,,,,,,,,,,,,,,,,,,,,,,,,,,,,,,,,,,,,,,,,,,,,,,,,,4475.990272499999,4486.025460699999,4485.999011100001,None,1.0,16.32010110000192,4485.999011100001,None,5.0,17.233390800000052,4485.999011100001,None,4485.999011100001,None,3.0,20.23931470000025,4485.999011100001,None,"[-0.6018519, -0.5842593, -0.26666668, 0.51296294, 0.5138889, 0.5, 0.5509259]","[-0.125, -0.11481482, -0.29537037, -0.2, -0.19814815, -0.20555556, -0.44444445]","[1, 1, 1, 1, 1, 1, 1]","[0, 0, 0, 0, 0, 0, 0]","[0, 0, 0, 0, 0, 0, 0]","[5.73629720000099, 6.152676099998644, 7.097108099998877, 8.264549100000295, 9.328235799999675, 10.054711100001441, 14.409505799998442]",['Click_to_Continue_11'],10.021918080001342,None,4496.2741418000005,None,,,002,001,2022-07-26_13h13.38.321,CSVTrial2,2022.1.3,60.06428079417748,
Question 14:,stim/Au_arc_30718.jpg,"The AI system has determined that the above image is authentic.
Do you accept or deny this claim?",stim/Au_arc_30718.jpg,,,,,,,,,,,,,,,,,,,,,,,,,0,13,13,13,,,,,"Tuesday, July 26, 2022 02:14:11",,,,,,,,,,,,,,,,,,,,,"Tuesday, July 26, 2022 02:14:30",,,,,,,,,,,,,,,,,,,,,,,,,,,,,,,,,,,,,,,,,,,,,,,,,,,,,,,,,,,,,,,,,,,,,,,,,,,,,,,,,,,,,,,,,,,,,,,,,,,,,,,,,,,,,,,,,,,,,,,,,,,,,,,,4500.453276600001,4510.497261799999,4510.463196000001,None,1.0,13.720488999999361,4510.463196000001,None,5.0,14.882743400001345,4510.463196000001,None,4510.463196000001,None,1.0,17.624085999999807,4510.463196000001,None,"[-0.55925924, -0.26666668, 0.2851852, 0.31296295, 0.587037]","[-0.1037037, -0.2787037, -0.18981482, -0.19074073, -0.45462963]","[1, 1, 1, 1, 1]","[0, 0, 0, 0, 0]","[0, 0, 0, 0, 0]","[3.5162313000000722, 4.680615100001887, 6.61132440000074, 7.483482200001163, 8.257557900000393]",['Click_to_Continue_11'],10.020436779999727,None,4518.111118199999,None,,,002,001,2022-07-26_13h13.38.321,CSVTrial2,2022.1.3,60.06428079417748,
Question 15:,stim/Tp_D_CRN_M_N_arc00073_arc00072_10267.tif,"The AI system has determined that the above image is authentic.
Do you accept or deny this claim?",stim/Tp_D_CRN_M_N_arc00073_arc00072_10267.tif,,,,,,,,,,,,,,,,,,,,,,,,,0,14,14,14,,,,,"Tuesday, July 26, 2022 02:14:30",,,,,,,,,,,,,,,,,,,,,"Tuesday, July 26, 2022 02:14:50",,,,,,,,,,,,,,,,,,,,,,,,,,,,,,,,,,,,,,,,,,,,,,,,,,,,,,,,,,,,,,,,,,,,,,,,,,,,,,,,,,,,,,,,,,,,,,,,,,,,,,,,,,,,,,,,,,,,,,,,,,,,,,,,4518.769640099999,4528.795801299999,4528.795801299999,None,2.0,16.243579500001943,4528.795801299999,None,1.0,17.50495740000042,4528.795801299999,None,4528.795801299999,None,3.0,19.572046500001306,4528.795801299999,None,"[-0.32685184, -0.6537037, 0.47685185, 0.58055556]","[-0.1, -0.28333333, -0.19444445, -0.44814816]","[1, 1, 1, 1]","[0, 0, 0, 0]","[0, 0, 0, 0]","[6.049370600001566, 7.351177900000039, 9.381264100000408, 10.559031400000094]",['Click_to_Continue_11'],10.032659280001099,None,4538.378161799999,None,,,002,001,2022-07-26_13h13.38.321,CSVTrial2,2022.1.3,60.06428079417748,
Question 16:,stim/Tp_D_CRN_M_N_pla00026_pla00038_10147.tif,"The AI system has determined that the above image is not authentic.
Do you accept or deny this claim?",stim/image_based_Tp_D_CRN_M_N_pla00026_pla00038_10147.tif.png,,,,,,,,,,,,,,,,,,,,,,,,,0,15,15,15,,,,,"Tuesday, July 26, 2022 02:14:50",,,,,,,,,,,,,,,,,,,,,"Tuesday, July 26, 2022 02:15:11",,,,,,,,,,,,,,,,,,,,,,,,,,,,,,,,,,,,,,,,,,,,,,,,,,,,,,,,,,,,,,,,,,,,,,,,,,,,,,,,,,,,,,,,,,,,,,,,,,,,,,,,,,,,,,,,,,,,,,,,,,,,,,,,4539.403206399998,4549.4306846,4549.4306846,None,2.0,14.227863200001593,4549.4306846,None,2.0,15.595576900002925,4549.4306846,None,4549.4306846,None,3.0,17.687399399997958,4549.4306846,None,"[-0.3175926, -0.5648148, 0.50648147, 0.5601852]","[-0.107407406, -0.3037037, -0.19814815, -0.46203703]","[1, 1, 1, 1]","[0, 0, 0, 0]","[0, 0, 0, 0]","[4.080189199998131, 5.43378169999778, 7.551746899996942, 10.353193799997825]",['Click_to_Continue_11'],10.000630980004644,None,4557.131142800001,None,,,002,001,2022-07-26_13h13.38.321,CSVTrial2,2022.1.3,60.06428079417748,
Question 17:,stim/Tp_D_CRN_M_N_txt00017_txt00063_10836.jpg,"The AI system has determined that the above image is not authentic.
Do you accept or deny this claim?",stim/image_based_Tp_D_CRN_M_N_txt00017_txt00063_10836.jpg.png,,,,,,,,,,,,,,,,,,,,,,,,,0,16,16,16,,,,,"Tuesday, July 26, 2022 02:15:11",,,,,,,,,,,,,,,,,,,,,"Tuesday, July 26, 2022 02:15:32",,,,,,,,,,,,,,,,,,,,,,,,,,,,,,,,,,,,,,,,,,,,,,,,,,,,,,,,,,,,,,,,,,,,,,,,,,,,,,,,,,,,,,,,,,,,,,,,,,,,,,,,,,,,,,,,,,,,,,,,,,,,,,,,4559.8101465,4569.8442571999985,4569.8154584,None,1.0,18.106237999996665,4569.8154584,None,5.0,18.87265649999972,4569.8154584,None,4569.8154584,None,3.0,20.328677599998628,4569.8154584,None,"[-0.5703704, -0.26203704, 0.49814814, 0.5509259]","[-0.1037037, -0.28333333, -0.19629629, -0.44166666]","[1, 1, 1, 1]","[0, 0, 0, 0]","[0, 0, 0, 0]","[7.936284100000194, 8.766923200000747, 10.209806099999696, 11.157222599998931]",['Click_to_Continue_11'],10.024981440004922,None,4580.175587599999,None,,,002,001,2022-07-26_13h13.38.321,CSVTrial2,2022.1.3,60.06428079417748,
Question 18:,stim/Au_arc_30720.jpg,"The AI system has determined that the above image is authentic.
Do you accept or deny this claim?",stim/Au_arc_30720.jpg,,,,,,,,,,,,,,,,,,,,,,,,,0,17,17,17,,,,,"Tuesday, July 26, 2022 02:15:32",,,,,,,,,,,,,,,,,,,,,"Tuesday, July 26, 2022 02:15:56",,,,,,,,,,,,,,,,,,,,,,,,,,,,,,,,,,,,,,,,,,,,,,,,,,,,,,,,,,,,,,,,,,,,,,,,,,,,,,,,,,,,,,,,,,,,,,,,,,,,,,,,,,,,,,,,,,,,,,,,,,,,,,,,4581.019056199999,4591.056516500001,4591.027830700001,None,1.0,19.23163779999959,4591.027830700001,None,5.0,20.128498400001263,4591.027830700001,None,4591.027830700001,None,3.0,22.39104700000098,4591.027830700001,None,"[-0.56574076, -0.25462964, 0.5222222, 0.5092593, 0.5796296]","[-0.09074074, -0.29907408, -0.19074073, -0.19814815, -0.4462963]","[1, 1, 1, 1, 1]","[0, 0, 0, 0, 0]","[0, 0, 0, 0, 0]","[9.116122399998858, 9.948660300000483, 11.177717200000188, 12.220947999998316, 13.972460900000442]",['Click_to_Continue_11'],10.017939979999937,None,4603.446189300001,None,,,002,001,2022-07-26_13h13.38.321,CSVTrial2,2022.1.3,60.06428079417748,
Question 19:,stim/Tp_D_CRN_M_N_nat10154_nat10140_12075.jpg,"The AI system has determined that the above image is authentic.
Do you accept or deny this claim?",stim/Tp_D_CRN_M_N_nat10154_nat10140_12075.jpg,,,,,,,,,,,,,,,,,,,,,,,,,0,18,18,18,,,,,"Tuesday, July 26, 2022 02:15:56",,,,,,,,,,,,,,,,,,,,,"Tuesday, July 26, 2022 02:16:12",,,,,,,,,,,,,,,,,,,,,,,,,,,,,,,,,,,,,,,,,,,,,,,,,,,,,,,,,,,,,,,,,,,,,,,,,,,,,,,,,,,,,,,,,,,,,,,,,,,,,,,,,,,,,,,,,,,,,,,,,,,,,,,,4605.059707,4615.104817700001,4615.076997100001,None,1.0,12.569390399999975,4615.076997100001,None,5.0,13.81185750000077,4615.076997100001,None,4615.076997100001,None,1.0,15.271713499998441,4615.076997100001,None,"[-0.56666666, -0.25555557, 0.2824074, 0.30185184, 0.5703704]","[-0.09351852, -0.2935185, -0.18703704, -0.20277777, -0.4425926]","[1, 1, 1, 1, 1]","[0, 0, 0, 0, 0]","[0, 0, 0, 0, 0]","[2.3507428000011714, 3.6192460999991454, 4.50145060000068, 5.149702700000489, 6.057407500000409]",['Click_to_Continue_11'],10.032047939999757,None,4620.365687599999,None,,,002,001,2022-07-26_13h13.38.321,CSVTrial2,2022.1.3,60.06428079417748,
,,,,,,,,,,,,,,,,,,,,,,,,,,,,,,,,,,,,,,,,,,,,,,,,,,,,,,,,,,,,5.0,5.0,5.0,5.0,5.0,5.0,5.0,4.0,4.0,4.0,4.0,4.0,,,,,,,,,,,,,,,,,,,,,,,,,,,,,,,,,,,,,,,,,,,,,,,,,,,,,,,,,,,,,,,,,,,,,,,,,,,,,,,,,,,,,,,,,,,,,,,,,,,,,,,,,,,,,,,,,,,,,,,,,,,,,,,,,,,,,,,,,,,,,,,,,002,001,2022-07-26_13h13.38.321,CSVTrial2,2022.1.3,60.06428079417748,
,,,,,,,,,,,,,,,,,,,,,,,,,,,,,,,,,,,,,,,,,,,,,,,,,,,,,,,,,,,,,,,,,,,,,,,,4.0,5.0,4.0,5.0,4.0,5.0,5.0,5.0,5.0,5.0,5.0,,,,,,,,,,,,,,,,,,,,,,,,,,,,,,,,,,,,,,,,,,,,,,,,,,,,,,,,,,,,,,,,,,,,,,,,,,,,,,,,,,,,,,,,,,,,,,,,,,,,,,,,,,,,,,,,,,,,,,,,,,,,,,,,,,,,4739.332664499998,None,,,,,,,
