txtStim,stimFile,AI_Resp,ExplanationFile,Loop_1.thisRepN,Loop_1.thisTrialN,Loop_1.thisN,Loop_1.thisIndex,Loop_2.thisRepN,Loop_2.thisTrialN,Loop_2.thisN,Loop_2.thisIndex,Loop_3.thisRepN,Loop_3.thisTrialN,Loop_3.thisN,Loop_3.thisIndex,Loop_4.thisRepN,Loop_4.thisTrialN,Loop_4.thisN,Loop_4.thisIndex,trials.thisRepN,trials.thisTrialN,trials.thisN,trials.thisIndex,trials_2.thisRepN,trials_2.thisTrialN,trials_2.thisN,trials_2.thisIndex,trials_3.thisRepN,trials_3.thisTrialN,trials_3.thisN,trials_3.thisIndex,trials_4.thisRepN,trials_4.thisTrialN,trials_4.thisN,trials_4.thisIndex,trial_start,Conversational_Intro_Txt.started,Conversational_Intro_Txt.stopped,Accept_Deny_Button.response,Accept_Deny_Button.rt,Accept_Deny_Button.started,Accept_Deny_Button.stopped,ConfidenceSlider.response,ConfidenceSlider.rt,ConfidenceSlider.started,ConfidenceSlider.stopped,Experimental_Images.started,Experimental_Images.stopped,DenySlider.response,DenySlider.rt,DenySlider.started,DenySlider.stopped,mouse.x,mouse.y,mouse.leftButton,mouse.midButton,mouse.rightButton,mouse.time,mouse.clicked_name,mouse.started,mouse.stopped,Click_to_Continue.started,Click_to_Continue.stopped,trial_end,Q1_Slider.response,Q2_Slider.response,Q3_Slider.response,Q4_Slider.response,Q5_Slider.response,Q6_Slider.response,Q7_Slider.response,Q8_Slider.response,Q9_Slider.response,Q10_Slider.response,Q11_Slider.response,Q12_Slider.response,Q13_Slider.response,Q14_Slider.response,Q15_Slider.response,Q16_Slider.response,Q17_Slider.response,Q18_Slider.response,Q19_Slider.response,Q20_Slider.response,Q21_Slider.response,Q22_Slider.response,Q23_Slider.response,Text_Intro_Txt.started,Text_Intro_Txt.stopped,Question_Txt_5.started,Question_Txt_5.stopped,Accept_Deny_Button_5.response,Accept_Deny_Button_5.rt,Accept_Deny_Button_5.started,Accept_Deny_Button_5.stopped,ConfidenceSlider_5.response,ConfidenceSlider_5.rt,ConfidenceSlider_5.started,ConfidenceSlider_5.stopped,DenySlider_5.response,DenySlider_5.rt,DenySlider_5.started,DenySlider_5.stopped,mouse_8.x,mouse_8.y,mouse_8.leftButton,mouse_8.midButton,mouse_8.rightButton,mouse_8.time,mouse_8.clicked_name,mouse_8.started,mouse_8.stopped,Click_to_Continue_8.started,Click_to_Continue_8.stopped,Image_Intro_Txt.started,Image_Intro_Txt.stopped,Question_Txt_4.started,Question_Txt_4.stopped,Accept_Deny_Button_4.response,Accept_Deny_Button_4.rt,Accept_Deny_Button_4.started,Accept_Deny_Button_4.stopped,ConfidenceSlider_4.response,ConfidenceSlider_4.rt,ConfidenceSlider_4.started,ConfidenceSlider_4.stopped,Experimental_Images_4.started,Experimental_Images_4.stopped,DenySlider_4.response,DenySlider_4.rt,DenySlider_4.started,DenySlider_4.stopped,mouse_7.x,mouse_7.y,mouse_7.leftButton,mouse_7.midButton,mouse_7.rightButton,mouse_7.time,mouse_7.clicked_name,mouse_7.started,mouse_7.stopped,Click_to_Continue_7.started,Click_to_Continue_7.stopped,PresstoCont_7.started,PresstoCont_7.stopped,Feature_Intro_Txt.started,Feature_Intro_Txt.stopped,Question_Txt_3.started,Question_Txt_3.stopped,Accept_Deny_Button_3.response,Accept_Deny_Button_3.rt,Accept_Deny_Button_3.started,Accept_Deny_Button_3.stopped,ConfidenceSlider_3.response,ConfidenceSlider_3.rt,ConfidenceSlider_3.started,ConfidenceSlider_3.stopped,Experimental_Images_3.started,Experimental_Images_3.stopped,DenySlider_3.response,DenySlider_3.rt,DenySlider_3.started,DenySlider_3.stopped,Click_to_Continue_6.started,Click_to_Continue_6.stopped,PresstoCont_8.started,PresstoCont_8.stopped,Intro_Text.started,Intro_Text.stopped,Stim_slider.response,Stim_slider.rt,Stim_slider.started,Stim_slider.stopped,mouse_5.x,mouse_5.y,mouse_5.leftButton,mouse_5.midButton,mouse_5.rightButton,mouse_5.time,mouse_5.clicked_name,mouse_5.started,mouse_5.stopped,Click_to_Continue_5.started,Click_to_Continue_5.stopped,Choice_3_Intro_Txt.started,Choice_3_Intro_Txt.stopped,Question_Txt_8.started,Question_Txt_8.stopped,Accept_Deny_Button_8.response,Accept_Deny_Button_8.rt,Accept_Deny_Button_8.started,Accept_Deny_Button_8.stopped,ConfidenceSlider_8.response,ConfidenceSlider_8.rt,ConfidenceSlider_8.started,ConfidenceSlider_8.stopped,Experimental_Images_8.started,Experimental_Images_8.stopped,DenySlider_8.response,DenySlider_8.rt,DenySlider_8.started,DenySlider_8.stopped,mouse_11.x,mouse_11.y,mouse_11.leftButton,mouse_11.midButton,mouse_11.rightButton,mouse_11.time,mouse_11.clicked_name,mouse_11.started,mouse_11.stopped,Click_to_Continue_11.started,Click_to_Continue_11.stopped,end_Txt.started,end_Txt.stopped,participant,session,date,expName,psychopyVersion,frameRate,
,,,,,,,,,,,,,,,,,,,,,,,,,,,,,,,,,,,,,,,,,,,,,,,,,,,,,,,,,,,,,,,,,,,,,,,,,,,,,,,,,,,,,,,,,,,,,,,,,,,,,,,,,,,,,,,,,,,,,,,,,,,,,,,,,,,,,,,,,,,,,,,,,,,,,,,,,,,,,,,,,,,,,,,,,,,,,,,,,,,,,,,,,,,,,,,,,,,,,,,,,,,,,,,,,,,,,,,,001,001,2022-07-26_09h26.11.500,CSVTrial,2022.1.3,60.91458374313905,
Question 1:,stim/Tp_D_CNN_M_N_ani00023_ani00024_10205.tif,"The AI system has determined that the above image is not authentic. 
Do you accept or deny this claim?",stim/conversational_Tp_D_CNN_M_N_ani00023_ani00024_10205.tif.png,0,0,0,0,,,,,,,,,,,,,,,,,,,,,,,,,,,,,09:27:17,249.25175310000031,259.29863360000036,1.0,21.46933259999969,259.29863360000036,None,5.0,22.87144679999983,259.29863360000036,None,259.29863360000036,None,1.0,24.594263099999807,259.29863360000036,None,"[-0.59537035, -0.5777778, -0.25185186, 0.30925927, 0.5453704]","[-0.0712963, -0.08611111, -0.29722223, -0.19444445, -0.4537037]","[1, 1, 1, 1, 1]","[0, 0, 0, 0, 0]","[0, 0, 0, 0, 0]","[10.851793300000281, 11.275829900000645, 12.695459500000652, 14.483058400000118, 15.507043700000395]",['Click_to_Continue'],10.056475270000192,None,273.879054,None,09:27:43,,,,,,,,,,,,,,,,,,,,,,,,,,,,,,,,,,,,,,,,,,,,,,,,,,,,,,,,,,,,,,,,,,,,,,,,,,,,,,,,,,,,,,,,,,,,,,,,,,,,,,,,,,,,,,,,,,,,,,,,,,,,,,,,,,,,,,,,,,,,,,,,,,,,,,,,001,001,2022-07-26_09h26.11.500,CSVTrial,2022.1.3,60.91458374313905,
Question 2:,stim/Tp_D_CNN_S_N_art00007_art00008_01197.tif,"The AI system has determined that the above image is not authentic.
Do you accept or deny this claim?",stim/conversational_Tp_D_CNN_S_N_art00007_art00008_01197.tif.png,0,1,1,1,,,,,,,,,,,,,,,,,,,,,,,,,,,,,09:27:43,274.8563778000007,284.8763518000005,1.0,31.35582919999979,284.8763518000005,None,4.0,38.550310399999944,284.8763518000005,None,284.8763518000005,None,3.0,43.87212539999928,284.8763518000005,None,"[-0.5675926, -0.3564815, 0.5083333, 0.57222223]","[-0.10555556, -0.2962963, -0.20185184, -0.45555556]","[1, 1, 1, 1]","[0, 0, 0, 0]","[0, 0, 0, 0]","[21.204703499999596, 28.40718509999988, 33.721158999999716, 35.571256999999605]",['Click_to_Continue'],10.027925170000344,None,318.75971860000027,None,09:28:29,,,,,,,,,,,,,,,,,,,,,,,,,,,,,,,,,,,,,,,,,,,,,,,,,,,,,,,,,,,,,,,,,,,,,,,,,,,,,,,,,,,,,,,,,,,,,,,,,,,,,,,,,,,,,,,,,,,,,,,,,,,,,,,,,,,,,,,,,,,,,,,,,,,,,,,,001,001,2022-07-26_09h26.11.500,CSVTrial,2022.1.3,60.91458374313905,
Question 3:,stim/Au_pla_20034.jpg,"The AI system has determined that the above image is not authentic.
Do you accept or deny this claim?",stim/conversational_Au_pla_20034.jpg.png,0,2,2,2,,,,,,,,,,,,,,,,,,,,,,,,,,,,,09:28:29,320.5055005000004,330.5323986000003,1.0,31.113197300000138,330.5049458000003,None,4.0,38.48168280000027,330.5049458000003,None,330.5049458000003,None,3.0,42.22660639999958,330.5049458000003,None,"[-0.587037, -0.35092592, 0.51296294, 0.51111114, 0.50185186, 0.5638889]","[-0.107407406, -0.30462962, -0.18981482, -0.19814815, -0.21666667, -0.45833334]","[1, 1, 1, 1, 1, 1]","[0, 0, 0, 0, 0, 0]","[0, 0, 0, 0, 0, 0]","[20.96958209999957, 28.37704489999942, 31.022632999999587, 31.618714599999294, 32.119273399999656, 33.41596079999999]",['Click_to_Continue'],10.016112760000397,None,362.76855370000067,None,09:29:12,,,,,,,,,,,,,,,,,,,,,,,,,,,,,,,,,,,,,,,,,,,,,,,,,,,,,,,,,,,,,,,,,,,,,,,,,,,,,,,,,,,,,,,,,,,,,,,,,,,,,,,,,,,,,,,,,,,,,,,,,,,,,,,,,,,,,,,,,,,,,,,,,,,,,,,,001,001,2022-07-26_09h26.11.500,CSVTrial,2022.1.3,60.91458374313905,
Question 4:,stim/Tp_D_CNN_M_B_nat00056_nat00099_11105.jpg,"The AI system has determined that the above image is authentic.
Do you accept or deny this claim?",stim/conversational_Tp_D_CNN_M_B_nat00056_nat00099_11105.jpg.png,0,3,3,3,,,,,,,,,,,,,,,,,,,,,,,,,,,,,09:29:12,363.9776892,374.02663720000055,2.0,20.87957700000061,373.9921813000001,None,4.0,24.255265100000543,373.9921813000001,None,373.9921813000001,None,1.0,28.53082329999961,373.9921813000001,None,"[-0.3287037, -0.35, 0.27962962, 0.31203705, 0.5888889]","[-0.096296296, -0.3, -0.19537038, -0.21388888, -0.45277777]","[1, 1, 1, 1, 1]","[0, 0, 0, 0, 0]","[0, 0, 0, 0, 0]","[10.734295900000689, 14.10494540000036, 17.886929500000406, 18.41825030000018, 19.53792980000071]",['Click_to_Continue'],10.031429259998731,None,392.5405801000006,None,09:29:42,,,,,,,,,,,,,,,,,,,,,,,,,,,,,,,,,,,,,,,,,,,,,,,,,,,,,,,,,,,,,,,,,,,,,,,,,,,,,,,,,,,,,,,,,,,,,,,,,,,,,,,,,,,,,,,,,,,,,,,,,,,,,,,,,,,,,,,,,,,,,,,,,,,,,,,,001,001,2022-07-26_09h26.11.500,CSVTrial,2022.1.3,60.91458374313905,
Question 5:,stim/Au_ani_10178.jpg.png,"The AI system has determined that the above image is authentic.
Do you accept or deny this claim?",stim/conversational_Au_ani_10178.jpg.png,0,4,4,4,,,,,,,,,,,,,,,,,,,,,,,,,,,,,09:29:42,393.58837930000027,403.63503410000067,1.0,19.310448200000792,403.60449340000014,None,4.0,22.07524100000046,403.60449340000014,None,403.60449340000014,None,1.0,27.483689599999707,403.60449340000014,None,"[-0.56666666, -0.3564815, 0.30092594, 0.53518516]","[-0.09166667, -0.3, -0.21018519, -0.4462963]","[1, 1, 1, 1]","[0, 0, 0, 0]","[0, 0, 0, 0]","[9.118072600000232, 11.95023780000065, 17.367464500000096, 18.3712716]",['Click_to_Continue'],10.032961859998977,None,421.1062765000006,None,09:30:10,,,,,,,,,,,,,,,,,,,,,,,,,,,,,,,,,,,,,,,,,,,,,,,,,,,,,,,,,,,,,,,,,,,,,,,,,,,,,,,,,,,,,,,,,,,,,,,,,,,,,,,,,,,,,,,,,,,,,,,,,,,,,,,,,,,,,,,,,,,,,,,,,,,,,,,,001,001,2022-07-26_09h26.11.500,CSVTrial,2022.1.3,60.91458374313905,
Question 6:,stim/Tp_D_CNN_S_N_nat00095_ani00017_10219.tif,"The AI system has determined that the above image is not authentic.
Do you accept or deny this claim?",stim/conversational_Tp_D_CNN_S_N_nat00095_ani00017_10219.tif.png,0,5,5,5,,,,,,,,,,,,,,,,,,,,,,,,,,,,,09:30:10,422.03049510000073,432.0717525,1.0,24.47978990000047,432.04529920000004,None,3.0,29.046392399999604,432.04529920000004,None,432.04529920000004,None,3.0,33.10854759999984,432.04529920000004,None,"[-0.57222223, -0.45462963, 0.51296294, 0.5, 0.55]","[-0.094444446, -0.29814816, -0.19444445, -0.19537038, -0.45277777]","[1, 1, 1, 1, 1]","[0, 0, 0, 0, 0]","[0, 0, 0, 0, 0]","[14.31187190000037, 18.891632400000162, 21.21981230000074, 22.9927002000004, 25.734551100000317]",['Click_to_Continue'],10.035494859999744,None,455.17163490000075,None,09:30:46,,,,,,,,,,,,,,,,,,,,,,,,,,,,,,,,,,,,,,,,,,,,,,,,,,,,,,,,,,,,,,,,,,,,,,,,,,,,,,,,,,,,,,,,,,,,,,,,,,,,,,,,,,,,,,,,,,,,,,,,,,,,,,,,,,,,,,,,,,,,,,,,,,,,,,,,001,001,2022-07-26_09h26.11.500,CSVTrial,2022.1.3,60.91458374313905,
Question 7: ,stim/Au_nat_30517.jpg,"The AI system has determined that the above image is not authentic.
Do you accept or deny this claim?",stim/conversational_Au_nat_30517.jpg.png,0,6,6,6,,,,,,,,,,,,,,,,,,,,,,,,,,,,,09:30:46,457.82621370000015,467.8611636000005,1.0,36.81744699999945,467.83563200000026,None,3.0,38.10178579999956,467.83563200000026,None,467.83563200000026,None,2.0,40.106241899999986,467.83563200000026,None,"[-0.5537037, -0.45092592, 0.40833333, 0.5537037]","[-0.097222224, -0.29537037, -0.19537038, -0.45462963]","[1, 1, 1, 1]","[0, 0, 0, 0]","[0, 0, 0, 0]","[26.70435720000023, 27.957323600000564, 30.00752149999971, 30.88795680000021]",['Click_to_Continue'],10.019652670000141,None,497.9752490000001,None,09:31:27,,,,,,,,,,,,,,,,,,,,,,,,,,,,,,,,,,,,,,,,,,,,,,,,,,,,,,,,,,,,,,,,,,,,,,,,,,,,,,,,,,,,,,,,,,,,,,,,,,,,,,,,,,,,,,,,,,,,,,,,,,,,,,,,,,,,,,,,,,,,,,,,,,,,,,,,001,001,2022-07-26_09h26.11.500,CSVTrial,2022.1.3,60.91458374313905,
Question 8:,stim/Tp_D_CRD_M_N_nat00048_nat00049_11067.jpg,"The AI system has determined that the above image is not authentic.
Do you accept or deny this claim?",stim/conversational_Tp_D_CRD_M_N_nat00048_nat00049_11067.jpg.png,0,7,7,7,,,,,,,,,,,,,,,,,,,,,,,,,,,,,09:31:27,498.7734381,508.80534549999993,1.0,36.2201769000003,508.80534549999993,None,3.0,38.798710899999605,508.80534549999993,None,508.80534549999993,None,3.0,39.96589409999979,508.80534549999993,None,"[-0.5712963, -0.45277777, 0.4888889, 0.56203705]","[-0.098148145, -0.30185184, -0.20555556, -0.4601852]","[1, 1, 1, 1]","[0, 0, 0, 0]","[0, 0, 0, 0]","[25.967525500000193, 28.601518299999952, 29.848043799999687, 30.814318400000047]",['Click_to_Continue'],10.038564969999243,None,538.8070775000006,None,09:32:08,,,,,,,,,,,,,,,,,,,,,,,,,,,,,,,,,,,,,,,,,,,,,,,,,,,,,,,,,,,,,,,,,,,,,,,,,,,,,,,,,,,,,,,,,,,,,,,,,,,,,,,,,,,,,,,,,,,,,,,,,,,,,,,,,,,,,,,,,,,,,,,,,,,,,,,,001,001,2022-07-26_09h26.11.500,CSVTrial,2022.1.3,60.91458374313905,
Question 9:,stim/Au_arc_30794.jpg,"The AI system has determined that the above image is authentic.
Do you accept or deny this claim?",stim/conversational_Au_arc_30794.jpg.png,0,8,8,8,,,,,,,,,,,,,,,,,,,,,,,,,,,,,09:32:08,539.6682962000004,549.7069136,1.0,26.513554799999838,549.6814406000003,None,5.0,28.43302930000027,549.6814406000003,None,549.6814406000003,None,1.0,34.13092520000009,549.6814406000003,None,"[-0.5648148, -0.25185186, 0.29444444, 0.5462963]","[-0.10185185, -0.2888889, -0.21111111, -0.44351852]","[1, 1, 1, 1]","[0, 0, 0, 0]","[0, 0, 0, 0]","[16.384035899999617, 18.323491699999977, 24.01755349999985, 25.22697220000009]",['Click_to_Continue'],10.021032469999227,None,573.8431808000005,None,09:32:43,,,,,,,,,,,,,,,,,,,,,,,,,,,,,,,,,,,,,,,,,,,,,,,,,,,,,,,,,,,,,,,,,,,,,,,,,,,,,,,,,,,,,,,,,,,,,,,,,,,,,,,,,,,,,,,,,,,,,,,,,,,,,,,,,,,,,,,,,,,,,,,,,,,,,,,,001,001,2022-07-26_09h26.11.500,CSVTrial,2022.1.3,60.91458374313905,
Question 10:,stim/Au_nat_30352.jpg,"The AI system has determined that the above image is not authentic.
Do you accept or deny this claim?",stim/conversational_Au_nat_30352.jpg.png,0,9,9,9,,,,,,,,,,,,,,,,,,,,,,,,,,,,,09:32:43,574.9577760000002,584.9782352000002,1.0,20.934490300000107,584.9782352000002,None,4.0,21.654762400000436,584.9782352000002,None,584.9782352000002,None,3.0,22.75495729999966,584.9782352000002,None,"[-0.56203705, -0.3462963, 0.4962963, 0.5509259]","[-0.11018518, -0.29907408, -0.2, -0.4564815]","[1, 1, 1, 1]","[0, 0, 0, 0]","[0, 0, 0, 0]","[10.789417599999979, 11.52806849999979, 12.63371350000034, 14.936944300000505]",['Click_to_Continue'],10.027741070000957,None,597.7459566000007,None,09:33:08,,,,,,,,,,,,,,,,,,,,,,,,,,,,,,,,,,,,,,,,,,,,,,,,,,,,,,,,,,,,,,,,,,,,,,,,,,,,,,,,,,,,,,,,,,,,,,,,,,,,,,,,,,,,,,,,,,,,,,,,,,,,,,,,,,,,,,,,,,,,,,,,,,,,,,,,001,001,2022-07-26_09h26.11.500,CSVTrial,2022.1.3,60.91458374313905,
Question 12:,stim/Au_arc_30827.jpg.png,"The AI system has determined that the above image is authentic.
Do you accept or deny this claim?",stim/conversational_Au_arc_30827.jpg.png,0,10,10,10,,,,,,,,,,,,,,,,,,,,,,,,,,,,,09:33:08,599.9663771000005,610.0048388000005,2.0,39.95647410000038,609.9787699000008,None,4.0,42.89470859999983,609.9787699000008,None,609.9787699000008,None,1.0,49.85731040000064,609.9787699000008,None,"[-0.31666666, -0.35092592, 0.3148148, 0.57222223]","[-0.1, -0.30185184, -0.18796296, -0.4537037]","[1, 1, 1, 1]","[0, 0, 0, 0]","[0, 0, 0, 0]","[29.76864999999998, 32.779367099999945, 39.71102669999982, 40.773868700000094]",['Click_to_Continue'],10.017368169999827,None,649.8668526000001,None,09:33:59,,,,,,,,,,,,,,,,,,,,,,,,,,,,,,,,,,,,,,,,,,,,,,,,,,,,,,,,,,,,,,,,,,,,,,,,,,,,,,,,,,,,,,,,,,,,,,,,,,,,,,,,,,,,,,,,,,,,,,,,,,,,,,,,,,,,,,,,,,,,,,,,,,,,,,,,001,001,2022-07-26_09h26.11.500,CSVTrial,2022.1.3,60.91458374313905,
Question 13:,stim/Au_art_10012.jpg,"The AI system has determined that the above image is authentic.
Do you accept or deny this claim?",stim/conversational_Au_art_10012.jpg.png,0,11,11,11,,,,,,,,,,,,,,,,,,,,,,,,,,,,,09:33:59,650.8293546000004,660.8764695,1.0,12.619067599999653,660.8482352999999,None,5.0,13.47870520000015,660.8482352999999,None,660.8482352999999,None,1.0,15.221862000000328,660.8482352999999,None,"[-0.57314813, -0.25092593, 0.3, 0.5574074]","[-0.08888889, -0.3037037, -0.19444445, -0.45462963]","[1, 1, 1, 1]","[0, 0, 0, 0]","[0, 0, 0, 0]","[2.4414655999999013, 3.328318599999875, 5.108071799999379, 6.622807999999168]",['Click_to_Continue'],10.034875650000686,None,666.0856978000002,None,09:34:16,,,,,,,,,,,,,,,,,,,,,,,,,,,,,,,,,,,,,,,,,,,,,,,,,,,,,,,,,,,,,,,,,,,,,,,,,,,,,,,,,,,,,,,,,,,,,,,,,,,,,,,,,,,,,,,,,,,,,,,,,,,,,,,,,,,,,,,,,,,,,,,,,,,,,,,,001,001,2022-07-26_09h26.11.500,CSVTrial,2022.1.3,60.91458374313905,
Question 14:,stim/Tp_D_CRN_M_B_nat10165_nat10164_12100.jpg,"The AI system has determined that the above image is not authentic.
Do you accept or deny this claim?",stim/conversational_Tp_D_CRN_M_B_nat10165_nat10164_12100.jpg.png,0,12,12,12,,,,,,,,,,,,,,,,,,,,,,,,,,,,,09:34:16,667.5190876000006,677.5537221000004,1.0,37.10845379999955,677.5270983999999,None,3.0,38.36759380000058,677.5270983999999,None,677.5270983999999,None,3.0,40.87680240000009,677.5270983999999,None,"[-0.5611111, -0.45555556, 0.51111114, 0.49351853, 0.5740741]","[-0.1037037, -0.2962963, -0.21111111, -0.19166666, -0.45555556]","[1, 1, 1, 1, 1]","[0, 0, 0, 0, 0]","[0, 0, 0, 0, 0]","[26.93969449999986, 28.23521890000029, 29.70721330000015, 30.759654299999966, 31.66381459999957]",['Click_to_Continue'],10.016724269999031,None,708.4371986000006,None,09:34:57,,,,,,,,,,,,,,,,,,,,,,,,,,,,,,,,,,,,,,,,,,,,,,,,,,,,,,,,,,,,,,,,,,,,,,,,,,,,,,,,,,,,,,,,,,,,,,,,,,,,,,,,,,,,,,,,,,,,,,,,,,,,,,,,,,,,,,,,,,,,,,,,,,,,,,,,001,001,2022-07-26_09h26.11.500,CSVTrial,2022.1.3,60.91458374313905,
Question 15:,stim/Tp_D_CRN_M_N_art10115_cha00086_11526.jpg,"The AI system has determined that the above image is authentic.
Do you accept or deny this claim?",stim/conversational_Tp_D_CRN_M_N_art10115_cha00086_11526.jpg.png,0,13,13,13,,,,,,,,,,,,,,,,,,,,,,,,,,,,,09:34:57,709.2509637000003,719.2845695000005,2.0,24.351478400000815,719.2587532000007,None,4.0,26.521547199999986,719.2587532000007,None,719.2587532000007,None,1.0,29.366983300000356,719.2587532000007,None,"[-0.33240741, -0.3462963, 0.29074073, 0.57314813]","[-0.1, -0.29537037, -0.19629629, -0.45]","[1, 1, 1, 1]","[0, 0, 0, 0]","[0, 0, 0, 0]","[14.2118875999995, 16.399203499999203, 19.296439599999758, 20.021814799999447]",['Click_to_Continue'],10.024250759999632,None,738.6509640000004,None,09:35:28,,,,,,,,,,,,,,,,,,,,,,,,,,,,,,,,,,,,,,,,,,,,,,,,,,,,,,,,,,,,,,,,,,,,,,,,,,,,,,,,,,,,,,,,,,,,,,,,,,,,,,,,,,,,,,,,,,,,,,,,,,,,,,,,,,,,,,,,,,,,,,,,,,,,,,,,001,001,2022-07-26_09h26.11.500,CSVTrial,2022.1.3,60.91458374313905,
Question 16:,stim/Tp_D_CRN_M_N_nat10154_nat10138_12076.jpg,"The AI system has determined that the above image is not authentic.
Do you accept or deny this claim?",stim/conversational_Tp_D_CRN_M_N_nat10154_nat10138_12076.jpg.png,0,14,14,14,,,,,,,,,,,,,,,,,,,,,,,,,,,,,09:35:28,739.3529742000001,749.4072183000007,1.0,36.7208842,749.3719245000002,None,4.0,40.94001029999981,749.3719245000002,None,749.3719245000002,None,3.0,41.95779020000009,749.3719245000002,None,"[-0.5833333, -0.35740742, 0.5074074, 0.5638889]","[-0.1037037, -0.29907408, -0.18796296, -0.45740741]","[1, 1, 1, 1]","[0, 0, 0, 0]","[0, 0, 0, 0]","[26.579578400000173, 30.805116999999882, 31.844990399999915, 32.759929300000294]",['Click_to_Continue'],10.038954450001256,None,781.3454336000004,None,09:36:10,,,,,,,,,,,,,,,,,,,,,,,,,,,,,,,,,,,,,,,,,,,,,,,,,,,,,,,,,,,,,,,,,,,,,,,,,,,,,,,,,,,,,,,,,,,,,,,,,,,,,,,,,,,,,,,,,,,,,,,,,,,,,,,,,,,,,,,,,,,,,,,,,,,,,,,,001,001,2022-07-26_09h26.11.500,CSVTrial,2022.1.3,60.91458374313905,
Question 17: ,stim/Au_art_20005.jpg,"The AI system has determined that the above image is authentic.
Do you accept or deny this claim?",stim/conversational_Au_art_20005.jpg.png,0,15,15,15,,,,,,,,,,,,,,,,,,,,,,,,,,,,,09:36:10,782.2127850000006,792.2484540000005,1.0,14.387476399999287,792.222514,None,5.0,16.19621520000055,792.222514,None,792.222514,None,3.0,18.964245799999844,792.222514,None,"[-0.56574076, -0.24907407, 0.49351853, 0.5453704]","[-0.096296296, -0.29537037, -0.19629629, -0.44722223]","[1, 1, 1, 1]","[0, 0, 0, 0]","[0, 0, 0, 0]","[4.250422100000833, 6.0273378000001685, 8.846798900000067, 9.9279047]",['Click_to_Continue'],10.022407750000639,None,801.2125788000003,None,09:36:30,,,,,,,,,,,,,,,,,,,,,,,,,,,,,,,,,,,,,,,,,,,,,,,,,,,,,,,,,,,,,,,,,,,,,,,,,,,,,,,,,,,,,,,,,,,,,,,,,,,,,,,,,,,,,,,,,,,,,,,,,,,,,,,,,,,,,,,,,,,,,,,,,,,,,,,,001,001,2022-07-26_09h26.11.500,CSVTrial,2022.1.3,60.91458374313905,
Question 18:,stim/Au_art_20034.jpg.png,"The AI system has determined that the above image is authentic.
Do you accept or deny this claim?",stim/conversational_Au_art_20034.jpg.png,0,16,16,16,,,,,,,,,,,,,,,,,,,,,,,,,,,,,09:36:30,802.2221185000008,812.2639593000004,1.0,21.150554900000316,812.2323419000004,None,4.0,22.531088600000658,812.2323419000004,None,812.2323419000004,None,3.0,30.70955860000049,812.2323419000004,None,"[-0.5675926, -0.34537038, 0.4925926, 0.5555556]","[-0.10925926, -0.29722223, -0.19907407, -0.44351852]","[1, 1, 1, 1]","[0, 0, 0, 0]","[0, 0, 0, 0]","[11.033930200000214, 12.411278000000493, 20.590496700000585, 21.496387600000162]",['Click_to_Continue'],10.029953949999253,None,832.9691943000007,None,09:37:02,,,,,,,,,,,,,,,,,,,,,,,,,,,,,,,,,,,,,,,,,,,,,,,,,,,,,,,,,,,,,,,,,,,,,,,,,,,,,,,,,,,,,,,,,,,,,,,,,,,,,,,,,,,,,,,,,,,,,,,,,,,,,,,,,,,,,,,,,,,,,,,,,,,,,,,,001,001,2022-07-26_09h26.11.500,CSVTrial,2022.1.3,60.91458374313905,
Question 19:,stim/Tp_D_CRN_M_N_cha10137_art00021_12210.jpg,"The AI system has determined that the above image is authentic.
Do you accept or deny this claim?",stim/conversational_Tp_D_CRN_M_N_cha10137_art00021_12210.jpg.png,0,17,17,17,,,,,,,,,,,,,,,,,,,,,,,,,,,,,09:37:02,833.7947496000006,843.8384363000005,2.0,33.25723139999991,843.8093988999999,None,4.0,34.798106799999914,843.8093988999999,None,843.8093988999999,None,3.0,40.5256859000001,843.8093988999999,None,"[-0.33333334, -0.35277778, 0.49537036, 0.5925926]","[-0.11111111, -0.3074074, -0.20925926, -0.45092592]","[1, 1, 1, 1]","[0, 0, 0, 0]","[0, 0, 0, 0]","[23.12736969999969, 24.69001979999939, 30.449192899999616, 31.49838069999987]",['Click_to_Continue'],10.02443706000031,None,874.3562392000003,None,09:37:44,,,,,,,,,,,,,,,,,,,,,,,,,,,,,,,,,,,,,,,,,,,,,,,,,,,,,,,,,,,,,,,,,,,,,,,,,,,,,,,,,,,,,,,,,,,,,,,,,,,,,,,,,,,,,,,,,,,,,,,,,,,,,,,,,,,,,,,,,,,,,,,,,,,,,,,,001,001,2022-07-26_09h26.11.500,CSVTrial,2022.1.3,60.91458374313905,
,,,,,,,,,,,,,,,,,,,,,,,,,,,,,,,,,,,,,,,,,,,,,,,,,,,,,,,,,,,,,,,,,3.0,4.0,4.0,3.0,4.0,3.0,3.0,2.0,4.0,3.0,4.0,3.0,,,,,,,,,,,,,,,,,,,,,,,,,,,,,,,,,,,,,,,,,,,,,,,,,,,,,,,,,,,,,,,,,,,,,,,,,,,,,,,,,,,,,,,,,,,,,,,,,,,,,,,,,,,,,,,,,,,,,,,,,,,,,,,,,,,,,,,,,,,,001,001,2022-07-26_09h26.11.500,CSVTrial,2022.1.3,60.91458374313905,
Question 1:,stim/Au_ani_00027.jpg.png,"The AI system has determined that the above image is authentic. 
Do you accept or deny this claim?",stim/text_based_Au_ani_00027.jpg.png,,,,,0,0,0,0,,,,,,,,,,,,,,,,,,,,,,,,,"Tuesday, July 26, 2022 09:40:46",,,,,,,,,,,,,,,,,,,,,,,,,,,,"Tuesday, July 26, 2022 09:41:23",,,,,,,,,,,,,3.0,4.0,2.0,4.0,3.0,2.0,3.0,3.0,3.0,4.0,3.0,1057.9287355000006,1067.9779918000004,1067.9779918000004,None,1.0,31.46759109999948,1067.9779918000004,None,5.0,32.81260959999963,1067.9779918000004,None,3.0,35.8015206,1067.9779918000004,None,"[-0.58055556, -0.25185186, 0.5046296, 0.5240741]","[-0.08611111, -0.29166666, -0.19351852, -0.44537038]","[1, 1, 1, 1]","[0, 0, 0, 0]","[0, 0, 0, 0]","[21.266665099999955, 22.625843699999677, 25.68289089999962, 26.393004000000474]",['Click_to_Continue_8'],10.058992669999498,None,1093.7614278,None,,,,,,,,,,,,,,,,,,,,,,,,,,,,,,,,,,,,,,,,,,,,,,,,,,,,,,,,,,,,,,,,,,,,,,,,,,,,,,,,,,,,,,,,,,,,,,,,,,,,,,001,001,2022-07-26_09h26.11.500,CSVTrial,2022.1.3,60.91458374313905,
Question 2:,stim/Au_cha_30523.jpg,"The AI system has determined that the above image is not authentic. 
Do you accept or deny this claim?",stim/text_based_Au_cha_30523.jpg.png,,,,,0,1,1,1,,,,,,,,,,,,,,,,,,,,,,,,,"Tuesday, July 26, 2022 09:41:23",,,,,,,,,,,,,,,,,,,,,,,,,,,,"Tuesday, July 26, 2022 09:41:58",,,,,,,,,,,,,,,,,,,,,,,,1094.4185779,1104.4644053000002,1104.4340289000002,None,1.0,17.02122419999978,1104.4340289000002,None,4.0,18.51000320000003,1104.4340289000002,None,1.0,34.91173890000027,1104.4340289000002,None,"[-0.57685184, -0.3462963, 0.28055555, 0.30555555, 0.5185185]","[-0.097222224, -0.2898148, -0.20277777, -0.21574074, -0.44907406]","[1, 1, 1, 1, 1]","[0, 0, 0, 0, 0]","[0, 0, 0, 0, 0]","[6.8799268000002485, 8.364100599999801, 23.724279600000045, 24.8005462000001, 25.760430700000143]",['Click_to_Continue_8'],10.02679156999966,None,1129.3658123000005,None,,,,,,,,,,,,,,,,,,,,,,,,,,,,,,,,,,,,,,,,,,,,,,,,,,,,,,,,,,,,,,,,,,,,,,,,,,,,,,,,,,,,,,,,,,,,,,,,,,,,,,001,001,2022-07-26_09h26.11.500,CSVTrial,2022.1.3,60.91458374313905,
Question 3:,stim/Au_ani_00031.jpg.png,"The AI system has determined that the above image is authentic.
Do you accept or deny this claim?",stim/text_based_Au_ani_00031.jpg.png,,,,,0,2,2,2,,,,,,,,,,,,,,,,,,,,,,,,,"Tuesday, July 26, 2022 09:41:58",,,,,,,,,,,,,,,,,,,,,,,,,,,,"Tuesday, July 26, 2022 09:42:36",,,,,,,,,,,,,,,,,,,,,,,,1130.2412264000004,1140.2692961000002,1140.2441370000006,None,1.0,16.331022700000176,1140.2441370000006,None,5.0,18.254442899999958,1140.2441370000006,None,1.0,36.76871740000024,1140.2441370000006,None,"[-0.5611111, -0.24537037, 0.3037037, 0.5611111]","[-0.09074074, -0.2962963, -0.19444445, -0.42685184]","[1, 1, 1, 1]","[0, 0, 0, 0]","[0, 0, 0, 0]","[6.198262699999759, 8.133860199999617, 26.667234499999722, 27.394956599999205]",['Click_to_Continue_8'],10.01573886999995,None,1167.0476737,None,,,,,,,,,,,,,,,,,,,,,,,,,,,,,,,,,,,,,,,,,,,,,,,,,,,,,,,,,,,,,,,,,,,,,,,,,,,,,,,,,,,,,,,,,,,,,,,,,,,,,,001,001,2022-07-26_09h26.11.500,CSVTrial,2022.1.3,60.91458374313905,
Question 4:,stim/Tp_D_CNN_S_N_cha10172_cha10171_12283.jpg,"The AI system has determined that the above image is not authentic.
Do you accept or deny this claim?",stim/text_based_Tp_D_CNN_S_N_cha10172_cha10171_12283.jpg.png,,,,,0,3,3,3,,,,,,,,,,,,,,,,,,,,,,,,,"Tuesday, July 26, 2022 09:42:36",,,,,,,,,,,,,,,,,,,,,,,,,,,,"Tuesday, July 26, 2022 09:43:35",,,,,,,,,,,,,,,,,,,,,,,,1167.7360668000001,1177.7735534000003,1177.7464744,None,1.0,55.69214050000028,1177.7464744,None,3.0,56.94773040000018,1177.7464744,None,2.0,58.62618250000014,1177.7464744,None,"[-0.5648148, -0.44722223, 0.40925926, 0.5388889]","[-0.10462963, -0.30185184, -0.19444445, -0.43703705]","[1, 1, 1, 1]","[0, 0, 0, 0]","[0, 0, 0, 0]","[45.515389700000014, 46.723128099999485, 48.52212079999936, 49.38730209999994]",['Click_to_Continue_8'],10.026323240000238,None,1226.3935825000008,None,,,,,,,,,,,,,,,,,,,,,,,,,,,,,,,,,,,,,,,,,,,,,,,,,,,,,,,,,,,,,,,,,,,,,,,,,,,,,,,,,,,,,,,,,,,,,,,,,,,,,,001,001,2022-07-26_09h26.11.500,CSVTrial,2022.1.3,60.91458374313905,
Question 5:,stim/Tp_D_CNN_S_N_sec00042_ani00078_10495.tif,"The AI system has determined that the above image is not authentic.
Do you accept or deny this claim?",stim/text_based_Tp_D_CNN_S_N_sec00042_ani00078_10495.tif.png,,,,,0,4,4,4,,,,,,,,,,,,,,,,,,,,,,,,,"Tuesday, July 26, 2022 09:43:35",,,,,,,,,,,,,,,,,,,,,,,,,,,,"Tuesday, July 26, 2022 09:43:55",,,,,,,,,,,,,,,,,,,,,,,,1227.1804649000005,1237.2170241000003,1237.1916135000001,None,1.0,13.737772399999812,1237.1916135000001,None,5.0,14.565772099999776,1237.1916135000001,None,1.0,15.370499700000437,1237.1916135000001,None,"[-0.5675926, -0.25092593, 0.2962963, 0.5240741]","[-0.07685185, -0.29907408, -0.19629629, -0.4462963]","[1, 1, 1, 1]","[0, 0, 0, 0]","[0, 0, 0, 0]","[3.6249876000001677, 4.456894699999793, 5.26698099999976, 9.470163400000274]",['Click_to_Continue_8'],10.021868069999982,None,1242.5862016,None,,,,,,,,,,,,,,,,,,,,,,,,,,,,,,,,,,,,,,,,,,,,,,,,,,,,,,,,,,,,,,,,,,,,,,,,,,,,,,,,,,,,,,,,,,,,,,,,,,,,,,001,001,2022-07-26_09h26.11.500,CSVTrial,2022.1.3,60.91458374313905,
Question 6:,stim/Au_ani_00033.jpg,"The AI system has determined that the above image is authentic.
Do you accept or deny this claim?",stim/text_based_Au_ani_00033.jpg.png,,,,,0,5,5,5,,,,,,,,,,,,,,,,,,,,,,,,,"Tuesday, July 26, 2022 09:43:55",,,,,,,,,,,,,,,,,,,,,,,,,,,,"Tuesday, July 26, 2022 09:44:26",,,,,,,,,,,,,,,,,,,,,,,,1246.7113645,1256.7829364,1256.7509415000004,None,1.0,22.509869399999843,1256.7509415000004,None,4.0,24.914569100000335,1256.7509415000004,None,3.0,27.822520800000348,1256.7509415000004,None,"[-0.5638889, -0.34907407, 0.5101852, 0.50555557, 0.5842593]","[-0.11666667, -0.29444444, -0.20185184, -0.19629629, -0.4648148]","[1, 1, 1, 1, 1]","[0, 0, 0, 0, 0]","[0, 0, 0, 0, 0]","[12.34144699999979, 14.749156400000174, 16.555205900000146, 17.691763900000296, 20.798827300000085]",['Click_to_Continue_8'],10.046483370000715,None,1274.5686855000004,None,,,,,,,,,,,,,,,,,,,,,,,,,,,,,,,,,,,,,,,,,,,,,,,,,,,,,,,,,,,,,,,,,,,,,,,,,,,,,,,,,,,,,,,,,,,,,,,,,,,,,,001,001,2022-07-26_09h26.11.500,CSVTrial,2022.1.3,60.91458374313905,
Question 7:,stim/Tp_D_CRD_S_N_ind00074_cha00049_00474.tif,"The AI system has determined that the above image is authentic.
Do you accept or deny this claim?",stim/text_based_Tp_D_CRD_S_N_ind00074_cha00049_00474.tif.png,,,,,0,6,6,6,,,,,,,,,,,,,,,,,,,,,,,,,"Tuesday, July 26, 2022 09:44:26",,,,,,,,,,,,,,,,,,,,,,,,,,,,"Tuesday, July 26, 2022 09:45:09",,,,,,,,,,,,,,,,,,,,,,,,1277.5981569000005,1287.6305975000005,1287.6056065000002,None,1.0,37.736332600000424,1287.6056065000002,None,4.0,39.104913099999976,1287.6056065000002,None,3.0,40.803838099999666,1287.6056065000002,None,"[-0.5962963, -0.5675926, -0.34814814, 0.5083333, 0.5787037]","[-0.10092592, -0.08796296, -0.30092594, -0.20925926, -0.45462963]","[1, 1, 1, 1, 1]","[0, 0, 0, 0, 0]","[0, 0, 0, 0, 0]","[25.956441000000268, 27.588512500000434, 28.9363486000002, 30.6724849000002, 33.048652700000275]",['Click_to_Continue_8'],10.015741569998681,None,1318.4367977000002,None,,,,,,,,,,,,,,,,,,,,,,,,,,,,,,,,,,,,,,,,,,,,,,,,,,,,,,,,,,,,,,,,,,,,,,,,,,,,,,,,,,,,,,,,,,,,,,,,,,,,,,001,001,2022-07-26_09h26.11.500,CSVTrial,2022.1.3,60.91458374313905,
Question 8:,stim/Au_cha_30677.jpg,"The AI system has determined that the above image is not authentic.
Do you accept or deny this claim?",stim/text_based_Au_cha_30677.jpg.png,,,,,0,7,7,7,,,,,,,,,,,,,,,,,,,,,,,,,"Tuesday, July 26, 2022 09:45:09",,,,,,,,,,,,,,,,,,,,,,,,,,,,"Tuesday, July 26, 2022 09:45:41",,,,,,,,,,,,,,,,,,,,,,,,1320.7099010000002,1330.7548161000004,1330.7239495000003,None,1.0,27.770849999999882,1330.7239495000003,None,4.0,29.037738199999694,1330.7239495000003,None,3.0,30.94160860000011,1330.7239495000003,None,"[-0.5648148, -0.34907407, 0.5212963, 0.48703703, 0.5509259]","[-0.1, -0.29722223, -0.19814815, -0.19722222, -0.45092592]","[1, 1, 1, 1, 1]","[0, 0, 0, 0, 0]","[0, 0, 0, 0, 0]","[17.65173910000067, 18.92449950000082, 20.193709500000296, 20.785617800000182, 22.087498200000482]",['Click_to_Continue_8'],10.031883659999949,None,1351.6949870000008,None,,,,,,,,,,,,,,,,,,,,,,,,,,,,,,,,,,,,,,,,,,,,,,,,,,,,,,,,,,,,,,,,,,,,,,,,,,,,,,,,,,,,,,,,,,,,,,,,,,,,,,001,001,2022-07-26_09h26.11.500,CSVTrial,2022.1.3,60.91458374313905,
Question 9:,stim/Tp_D_CRN_M_N_arc00008_nat10122_11773.jpg,"The AI system has determined that the above image is not authentic.
Do you accept or deny this claim?",stim/text_based_Tp_D_CRN_M_N_arc00008_nat10122_11773.jpg.png,,,,,0,8,8,8,,,,,,,,,,,,,,,,,,,,,,,,,"Tuesday, July 26, 2022 09:45:41",,,,,,,,,,,,,,,,,,,,,,,,,,,,"Tuesday, July 26, 2022 09:46:20",,,,,,,,,,,,,,,,,,,,,,,,1352.8544588000004,1362.8723495000004,1362.8723495000004,None,2.0,31.792789699999958,1362.8723495000004,None,3.0,33.65663349999977,1362.8723495000004,None,3.0,36.67692780000016,1362.8723495000004,None,"[-0.34074074, -0.4462963, 0.49814814, 0.54814816]","[-0.11018518, -0.30092594, -0.20092593, -0.45555556]","[1, 1, 1, 1]","[0, 0, 0, 0]","[0, 0, 0, 0]","[21.66664860000037, 23.47049000000061, 26.55535409999993, 28.993685200000073]",['Click_to_Continue_8'],10.031425469998794,None,1389.5659093000004,None,,,,,,,,,,,,,,,,,,,,,,,,,,,,,,,,,,,,,,,,,,,,,,,,,,,,,,,,,,,,,,,,,,,,,,,,,,,,,,,,,,,,,,,,,,,,,,,,,,,,,,001,001,2022-07-26_09h26.11.500,CSVTrial,2022.1.3,60.91458374313905,
Question 10:,stim/Tp_D_CRN_M_N_nat00019_nat00028_11048.jpg,"The AI system has determined that the above image is not authentic.
Do you accept or deny this claim?",stim/text_based_Tp_D_CRN_M_N_nat00019_nat00028_11048.jpg.png,,,,,0,9,9,9,,,,,,,,,,,,,,,,,,,,,,,,,"Tuesday, July 26, 2022 09:46:20",,,,,,,,,,,,,,,,,,,,,,,,,,,,"Tuesday, July 26, 2022 09:47:06",,,,,,,,,,,,,,,,,,,,,,,,1391.9129430000003,1401.9353634,1401.9353634,None,1.0,42.745221899999706,1401.9353634,None,3.0,43.346191499999804,1401.9353634,None,2.0,45.13293739999972,1401.9353634,None,"[-0.55925924, -0.45, 0.40462962, 0.6064815]","[-0.1037037, -0.29166666, -0.19537038, -0.4648148]","[1, 1, 1, 1]","[0, 0, 0, 0]","[0, 0, 0, 0]","[32.6500231, 33.25178770000002, 35.021403400000054, 35.85735440000008]",['Click_to_Continue_8'],9.99956586999906,None,1437.0813177,None,,,,,,,,,,,,,,,,,,,,,,,,,,,,,,,,,,,,,,,,,,,,,,,,,,,,,,,,,,,,,,,,,,,,,,,,,,,,,,,,,,,,,,,,,,,,,,,,,,,,,,001,001,2022-07-26_09h26.11.500,CSVTrial,2022.1.3,60.91458374313905,
Question 11:,stim/Au_ani_00048.jpg,"The AI system has determined that the above image is authentic.
Do you accept or deny this claim?",stim/text_based_Au_ani_00048.jpg.png,,,,,0,10,10,10,,,,,,,,,,,,,,,,,,,,,,,,,"Tuesday, July 26, 2022 09:47:06",,,,,,,,,,,,,,,,,,,,,,,,,,,,"Tuesday, July 26, 2022 09:47:34",,,,,,,,,,,,,,,,,,,,,,,,1437.8259324,1447.8615052000005,1447.8358297000004,None,1.0,19.178238299999975,1447.8358297000004,None,4.0,20.590861499999846,1447.8358297000004,None,1.0,26.512835300000006,1447.8358297000004,None,"[-0.5685185, -0.34907407, 0.30277777, 0.5314815, 0.54351854]","[-0.12314815, -0.30555555, -0.20925926, -0.4185185, -0.44814816]","[1, 1, 1, 1, 1]","[0, 0, 0, 0, 0]","[0, 0, 0, 0, 0]","[9.042196800000056, 10.469778200000292, 16.437233900000138, 17.347843399999874, 17.854610800000046]",['Click_to_Continue_8'],10.024717659999624,None,1464.3805570000004,None,,,,,,,,,,,,,,,,,,,,,,,,,,,,,,,,,,,,,,,,,,,,,,,,,,,,,,,,,,,,,,,,,,,,,,,,,,,,,,,,,,,,,,,,,,,,,,,,,,,,,,001,001,2022-07-26_09h26.11.500,CSVTrial,2022.1.3,60.91458374313905,
Question 12:,stim/Tp_D_CRN_M_N_nat00084_nat00086_10073.tif,"The AI system has determined that the above image is not authentic.
Do you accept or deny this claim?",stim/text_based_Tp_D_CRN_M_N_nat00084_nat00086_10073.tif.png,,,,,0,11,11,11,,,,,,,,,,,,,,,,,,,,,,,,,"Tuesday, July 26, 2022 09:47:34",,,,,,,,,,,,,,,,,,,,,,,,,,,,"Tuesday, July 26, 2022 09:48:20",,,,,,,,,,,,,,,,,,,,,,,,1465.7447093,1475.7863050000005,1475.7617906000005,None,1.0,41.716609699999935,1475.7617906000005,None,3.0,42.65829180000037,1475.7617906000005,None,2.0,44.72282329999962,1475.7617906000005,None,"[-0.55925924, -0.45555556, 0.40185186, 0.55925924]","[-0.10277778, -0.29814816, -0.18611111, -0.45092592]","[1, 1, 1, 1]","[0, 0, 0, 0]","[0, 0, 0, 0]","[31.5987185999993, 32.51503769999999, 34.60014390000015, 35.57579889999943]",['Click_to_Continue_8'],10.037109460000465,None,1510.5021301000006,None,,,,,,,,,,,,,,,,,,,,,,,,,,,,,,,,,,,,,,,,,,,,,,,,,,,,,,,,,,,,,,,,,,,,,,,,,,,,,,,,,,,,,,,,,,,,,,,,,,,,,,001,001,2022-07-26_09h26.11.500,CSVTrial,2022.1.3,60.91458374313905,
Question 13:,stim/Au_ani_00070.jpg,"The AI system has determined that the above image is authentic.
Do you accept or deny this claim?",stim/text_based_Au_ani_00070.jpg.png,,,,,0,12,12,12,,,,,,,,,,,,,,,,,,,,,,,,,"Tuesday, July 26, 2022 09:48:20",,,,,,,,,,,,,,,,,,,,,,,,,,,,"Tuesday, July 26, 2022 09:48:44",,,,,,,,,,,,,,,,,,,,,,,,1511.3861406000005,1521.4228029000005,1521.3982047,None,1.0,12.965759300000173,1521.3982047,None,5.0,13.793767500000286,1521.3982047,None,1.0,23.29762009999922,1521.3982047,None,"[-0.57222223, -0.2462963, 0.29074073, 0.5685185]","[-0.11203704, -0.30185184, -0.19259259, -0.44351852]","[1, 1, 1, 1]","[0, 0, 0, 0]","[0, 0, 0, 0]","[2.8225067000003037, 3.679770400000052, 13.21864960000039, 14.078901400000177]",['Click_to_Continue_8'],10.020854669998698,None,1534.7190739000007,None,,,,,,,,,,,,,,,,,,,,,,,,,,,,,,,,,,,,,,,,,,,,,,,,,,,,,,,,,,,,,,,,,,,,,,,,,,,,,,,,,,,,,,,,,,,,,,,,,,,,,,001,001,2022-07-26_09h26.11.500,CSVTrial,2022.1.3,60.91458374313905,
Question 14:,stim/Tp_D_CRN_S_B_pla00041_pla00040_10978.jpg,"The AI system has determined that the above image is not authentic.
Do you accept or deny this claim?",stim/text_based_Tp_D_CRN_S_B_pla00041_pla00040_10978.jpg.png,,,,,0,13,13,13,,,,,,,,,,,,,,,,,,,,,,,,,"Tuesday, July 26, 2022 09:48:44",,,,,,,,,,,,,,,,,,,,,,,,,,,,"Tuesday, July 26, 2022 09:49:09",,,,,,,,,,,,,,,,,,,,,,,,1535.5240750000003,1545.5577790000007,1545.5320940000001,None,1.0,15.237344099999973,1545.5320940000001,None,4.0,15.998754999999619,1545.5320940000001,None,3.0,24.476673699999992,1545.5320940000001,None,"[-0.5555556, -0.3398148, 0.4787037, 0.55925924]","[-0.108333334, -0.30833334, -0.19814815, -0.45833334]","[1, 1, 1, 1]","[0, 0, 0, 0]","[0, 0, 0, 0]","[5.104321099999652, 5.888043699999798, 14.401615999999194, 15.257869799999753]",['Click_to_Continue_8'],10.017603270001018,None,1560.0459256000004,None,,,,,,,,,,,,,,,,,,,,,,,,,,,,,,,,,,,,,,,,,,,,,,,,,,,,,,,,,,,,,,,,,,,,,,,,,,,,,,,,,,,,,,,,,,,,,,,,,,,,,,001,001,2022-07-26_09h26.11.500,CSVTrial,2022.1.3,60.91458374313905,
Question 15:,stim/Au_ani_00093.jpg,"The AI system has determined that the above image is authentic.
Do you accept or deny this claim?",stim/text_based_Au_ani_00093.jpg.png,,,,,0,14,14,14,,,,,,,,,,,,,,,,,,,,,,,,,"Tuesday, July 26, 2022 09:49:09",,,,,,,,,,,,,,,,,,,,,,,,,,,,"Tuesday, July 26, 2022 09:49:54",,,,,,,,,,,,,,,,,,,,,,,,1560.8433344000005,1570.8641921000008,1570.8641921000008,None,2.0,38.93424909999976,1570.8641921000008,None,4.0,43.69205149999925,1570.8641921000008,None,3.0,44.709308199999214,1570.8641921000008,None,"[-0.3175926, -0.35925925, 0.4925926, 0.5472222]","[-0.11018518, -0.2962963, -0.20185184, -0.425]","[1, 1, 1, 1]","[0, 0, 0, 0]","[0, 0, 0, 0]","[28.81363340000007, 33.55495249999967, 34.60012049999932, 35.36139099999946]",['Click_to_Continue_8'],10.024897870001041,None,1605.5871336,None,,,,,,,,,,,,,,,,,,,,,,,,,,,,,,,,,,,,,,,,,,,,,,,,,,,,,,,,,,,,,,,,,,,,,,,,,,,,,,,,,,,,,,,,,,,,,,,,,,,,,,001,001,2022-07-26_09h26.11.500,CSVTrial,2022.1.3,60.91458374313905,
Question 16:,stim/Tp_D_CRN_M_N_arc00045_arc00046_10084.tif,"The AI system has determined that the above image is authentic.
Do you accept or deny this claim?",stim/text_based_Tp_D_CRN_M_N_arc00045_arc00046_10084.tif.png,,,,,0,15,15,15,,,,,,,,,,,,,,,,,,,,,,,,,"Tuesday, July 26, 2022 09:49:54",,,,,,,,,,,,,,,,,,,,,,,,,,,,"Tuesday, July 26, 2022 09:50:12",,,,,,,,,,,,,,,,,,,,,,,,1606.2705992,1616.3104454000004,1616.2792286000004,None,1.0,12.832514300000184,1616.2792286000004,None,5.0,14.055178700000397,1616.2792286000004,None,1.0,16.82967760000065,1616.2792286000004,None,"[-0.5796296, -0.25277779, 0.3074074, 0.5472222]","[-0.10185185, -0.29166666, -0.2, -0.4601852]","[1, 1, 1, 1]","[0, 0, 0, 0]","[0, 0, 0, 0]","[2.7217631000003166, 3.943582800000513, 6.704597400000239, 7.804040400000304]",['Click_to_Continue_8'],10.020506470000328,None,1623.1386228000001,None,,,,,,,,,,,,,,,,,,,,,,,,,,,,,,,,,,,,,,,,,,,,,,,,,,,,,,,,,,,,,,,,,,,,,,,,,,,,,,,,,,,,,,,,,,,,,,,,,,,,,,001,001,2022-07-26_09h26.11.500,CSVTrial,2022.1.3,60.91458374313905,
Question 17:,stim/Tp_D_CRN_S_N_ani10120_sec00098_11614.jpg,"The AI system has determined that the above image is not authentic.
Do you accept or deny this claim?",stim/text_based_Tp_D_CRN_S_N_ani10120_sec00098_11614.jpg.png,,,,,0,16,16,16,,,,,,,,,,,,,,,,,,,,,,,,,"Tuesday, July 26, 2022 09:50:12",,,,,,,,,,,,,,,,,,,,,,,,,,,,"Tuesday, July 26, 2022 09:50:56",,,,,,,,,,,,,,,,,,,,,,,,1624.1397606,1634.1853763,1634.1499848000003,None,1.0,14.62310189999971,1634.1499848000003,None,3.0,39.518436599999404,1634.1499848000003,None,3.0,40.59046390000003,1634.1499848000003,None,"[-0.5703704, -0.45185184, 0.50648147, 0.54814816]","[-0.11203704, -0.2888889, -0.19629629, -0.4564815]","[1, 1, 1, 1]","[0, 0, 0, 0]","[0, 0, 0, 0]","[4.506784299999708, 29.399827799999912, 30.48866090000047, 33.37488719999965]",['Click_to_Continue_8'],10.029864260000068,None,1664.7619776000001,None,,,,,,,,,,,,,,,,,,,,,,,,,,,,,,,,,,,,,,,,,,,,,,,,,,,,,,,,,,,,,,,,,,,,,,,,,,,,,,,,,,,,,,,,,,,,,,,,,,,,,,001,001,2022-07-26_09h26.11.500,CSVTrial,2022.1.3,60.91458374313905,
Question 18:,stim/Tp_D_CRN_M_N_pla00035_pla00033_10997.jpg,"The AI system has determined that the above image is authentic.
Do you accept or deny this claim?",stim/text_based_Tp_D_CRN_M_N_pla00035_pla00033_10997.jpg.png,,,,,0,17,17,17,,,,,,,,,,,,,,,,,,,,,,,,,"Tuesday, July 26, 2022 09:50:56",,,,,,,,,,,,,,,,,,,,,,,,,,,,"Tuesday, July 26, 2022 09:51:24",,,,,,,,,,,,,,,,,,,,,,,,1667.5746706,1677.5937645000004,1677.5937645000004,None,2.0,19.26552080000056,1677.5937645000004,None,4.0,20.44795520000025,1677.5937645000004,None,3.0,27.276617499999702,1677.5937645000004,None,"[-0.33055556, -0.34537038, 0.5101852, 0.49166667, 0.5324074]","[-0.094444446, -0.29722223, -0.21111111, -0.21666667, -0.44351852]","[1, 1, 1, 1, 1]","[0, 0, 0, 0, 0]","[0, 0, 0, 0, 0]","[9.151424800000314, 10.35446150000007, 16.342293699999573, 17.196721700000126, 17.995264500000303]",['Click_to_Continue_8'],10.026311769999666,None,1694.8876807000006,None,,,,,,,,,,,,,,,,,,,,,,,,,,,,,,,,,,,,,,,,,,,,,,,,,,,,,,,,,,,,,,,,,,,,,,,,,,,,,,,,,,,,,,,,,,,,,,,,,,,,,,001,001,2022-07-26_09h26.11.500,CSVTrial,2022.1.3,60.91458374313905,
Question 19:,stim/Au_nat_20060.jpg,"The AI system has determined that the above image is not authentic.
Do you accept or deny this claim?",stim/text_based_Au_nat_20060.jpg.png,,,,,0,18,18,18,,,,,,,,,,,,,,,,,,,,,,,,,"Tuesday, July 26, 2022 09:51:24",,,,,,,,,,,,,,,,,,,,,,,,,,,,"Tuesday, July 26, 2022 09:52:34",,,,,,,,,,,,,,,,,,,,,,,,1695.6467126000007,1705.6871911000007,1705.6620680000005,None,1.0,42.166936600000554,1705.6620680000005,None,3.0,67.84924030000002,1705.6620680000005,None,3.0,69.92260030000034,1705.6620680000005,None,"[-0.5888889, -0.5777778, -0.45185184, 0.51111114, 0.51203704, 0.5083333, 0.5537037]","[-0.1037037, -0.09537037, -0.29074073, -0.19814815, -0.2, -0.20092593, -0.42962962]","[1, 1, 1, 1, 1, 1, 1]","[0, 0, 0, 0, 0, 0, 0]","[0, 0, 0, 0, 0, 0, 0]","[30.559342800000195, 32.031745299999784, 57.72770700000001, 58.904442900000504, 59.314230699999825, 59.81359150000026, 60.585713500000566]",['Click_to_Continue_8'],10.033386560000508,None,1765.6016097000002,None,,,,,,,,,,,,,,,,,,,,,,,,,,,,,,,,,,,,,,,,,,,,,,,,,,,,,,,,,,,,,,,,,,,,,,,,,,,,,,,,,,,,,,,,,,,,,,,,,,,,,,001,001,2022-07-26_09h26.11.500,CSVTrial,2022.1.3,60.91458374313905,
,,,,,,,,,,,,,,,,,,,,,,,,,,,,,,,,,,,,,,,,,,,,,,,,,,,,,,,,,,,,,,,,,4.0,4.0,4.0,4.0,3.0,4.0,4.0,4.0,3.0,3.0,4.0,3.0,,,,,,,,,,,,,,,,,,,,,,,,,,,,,,,,,,,,,,,,,,,,,,,,,,,,,,,,,,,,,,,,,,,,,,,,,,,,,,,,,,,,,,,,,,,,,,,,,,,,,,,,,,,,,,,,,,,,,,,,,,,,,,,,,,,,,,,,,,,,001,001,2022-07-26_09h26.11.500,CSVTrial,2022.1.3,60.91458374313905,
Question 1:,stim/Tp_D_CNN_S_B_sec00023_sec00022_00044.tif,"The AI system has determined that the above image is not authentic. 
Do you accept or deny this claim?",stim/image_based_Tp_D_CNN_S_B_sec00023_sec00022_00044.tif.png,,,,,,,,,0,0,0,0,,,,,,,,,,,,,,,,,,,,,"Tuesday, July 26, 2022 09:54:11",,,,,,,,,,,,,,,,,,,,,,,,,,,,"Tuesday, July 26, 2022 09:54:37",,,,,,,,,,,,,3.0,4.0,3.0,4.0,3.0,3.0,3.0,3.0,4.0,4.0,3.0,,,,,,,,,,,,,,,,,,,,,,,,,,,,1862.4205008,1872.4445018000006,1872.4445018000006,None,1.0,22.212543100000403,1872.4445018000006,None,5.0,23.458559100000457,1872.4445018000006,None,1872.4445018000006,None,3.0,25.39918619999935,1872.4445018000006,None,"[-0.5861111, -0.25462964, 0.51944447, 0.51944447, 0.4925926, 0.5842593]","[-0.096296296, -0.28425926, -0.18333334, -0.19351852, -0.19814815, -0.46574074]","[1, 1, 1, 1, 1, 1]","[0, 0, 0, 0, 0, 0]","[0, 0, 0, 0, 0, 0]","[12.065531999999621, 13.352488099999391, 14.423164499999984, 14.835550099999637, 15.27202699999998, 16.104948899999727]",['Click_to_Continue_7'],10.033430670000598,None,1887.8480199000005,None,,,,,,,,,,,,,,,,,,,,,,,,,,,,,,,,,,,,,,,,,,,,,,,,,,,,,,,,,,,,,,,,,,,,,,,,,001,001,2022-07-26_09h26.11.500,CSVTrial,2022.1.3,60.91458374313905,
Question 2:,stim/Au_art_30124.jpg,"The AI system has determined that the above image is authentic.
Do you accept or deny this claim?",stim/Au_art_30124.jpg,,,,,,,,,0,1,1,1,,,,,,,,,,,,,,,,,,,,,"Tuesday, July 26, 2022 09:54:37",,,,,,,,,,,,,,,,,,,,,,,,,,,,"Tuesday, July 26, 2022 09:55:06",,,,,,,,,,,,,,,,,,,,,,,,,,,,,,,,,,,,,,,,,,,,,,,,,,,1888.5885480000006,1898.6075005000002,1898.5828594000004,None,1.0,22.372497000000294,1898.5828594000004,None,5.0,23.362784300000385,1898.5828594000004,None,1898.5828594000004,None,1.0,28.78768719999971,1898.5828594000004,None,"[-0.5574074, -0.24259259, 0.3074074, 0.5740741]","[-0.1037037, -0.2962963, -0.20462963, -0.45277777]","[1, 1, 1, 1]","[0, 0, 0, 0]","[0, 0, 0, 0]","[12.276268399999935, 13.285958600000413, 18.68977730000006, 19.510021699999925]",['Click_to_Continue_7'],10.013144969999303,None,1917.4054047,None,,,,,,,,,,,,,,,,,,,,,,,,,,,,,,,,,,,,,,,,,,,,,,,,,,,,,,,,,,,,,,,,,,,,,,,,,001,001,2022-07-26_09h26.11.500,CSVTrial,2022.1.3,60.91458374313905,
Question 3:,stim/Au_cha_00098.jpg,"The AI system has determined that the above image is authentic.
Do you accept or deny this claim?",stim/Au_cha_00098.jpg,,,,,,,,,0,2,2,2,,,,,,,,,,,,,,,,,,,,,"Tuesday, July 26, 2022 09:55:06",,,,,,,,,,,,,,,,,,,,,,,,,,,,"Tuesday, July 26, 2022 09:55:39",,,,,,,,,,,,,,,,,,,,,,,,,,,,,,,,,,,,,,,,,,,,,,,,,,,1918.1279453000006,1928.1551969000002,1928.1551969000002,None,2.0,29.400139200000012,1928.1551969000002,None,4.0,29.916627399999925,1928.1551969000002,None,1928.1551969000002,None,1.0,32.23997370000052,1928.1551969000002,None,"[-0.3425926, -0.34907407, 0.28148147, 0.30462962, 0.5740741]","[-0.098148145, -0.28796297, -0.2037037, -0.21203704, -0.45833334]","[1, 1, 1, 1, 1]","[0, 0, 0, 0, 0]","[0, 0, 0, 0, 0]","[19.250728299999537, 19.788192799999706, 21.379130699999223, 22.112133899999208, 22.955167499999334]",['Click_to_Continue_7'],10.03396518000045,None,1950.3949738000001,None,,,,,,,,,,,,,,,,,,,,,,,,,,,,,,,,,,,,,,,,,,,,,,,,,,,,,,,,,,,,,,,,,,,,,,,,,001,001,2022-07-26_09h26.11.500,CSVTrial,2022.1.3,60.91458374313905,
Question 4:,stim/Au_cha_30078.jpg,"The AI system has determined that the above image is authentic.
Do you accept or deny this claim?",stim/Au_cha_30078.jpg,,,,,,,,,0,3,3,3,,,,,,,,,,,,,,,,,,,,,"Tuesday, July 26, 2022 09:55:39",,,,,,,,,,,,,,,,,,,,,,,,,,,,"Tuesday, July 26, 2022 09:56:04",,,,,,,,,,,,,,,,,,,,,,,,,,,,,,,,,,,,,,,,,,,,,,,,,,,1951.157389,1961.1891572000004,1961.1638255000007,None,1.0,19.17001099999925,1961.1638255000007,None,5.0,20.51805300000069,1961.1638255000007,None,1961.1638255000007,None,3.0,24.407084399999803,1961.1638255000007,None,"[-0.5824074, -0.2537037, 0.5148148, 0.5092593, 0.55925924]","[-0.10277778, -0.29259259, -0.20555556, -0.2074074, -0.44722223]","[1, 1, 1, 1, 1]","[0, 0, 0, 0, 0]","[0, 0, 0, 0, 0]","[9.018794499999785, 10.393547799999396, 13.359099499999502, 14.266883599999346, 15.105408299999908]",['Click_to_Continue_7'],10.018241869999656,None,1975.5926829,None,,,,,,,,,,,,,,,,,,,,,,,,,,,,,,,,,,,,,,,,,,,,,,,,,,,,,,,,,,,,,,,,,,,,,,,,,001,001,2022-07-26_09h26.11.500,CSVTrial,2022.1.3,60.91458374313905,
Question 5:,stim/Tp_D_CNN_S_B_txt00055_txt00047_11328.jpg.png,"The AI system has determined that the above image is not authentic.
Do you accept or deny this claim?",stim/image_based_Tp_D_CNN_S_B_txt00055_txt00047_11328.jpg.png,,,,,,,,,0,4,4,4,,,,,,,,,,,,,,,,,,,,,"Tuesday, July 26, 2022 09:56:05",,,,,,,,,,,,,,,,,,,,,,,,,,,,"Tuesday, July 26, 2022 09:56:42",,,,,,,,,,,,,,,,,,,,,,,,,,,,,,,,,,,,,,,,,,,,,,,,,,,1976.3140395,1986.3391220000003,1986.3173470000002,None,1.0,34.29184699999951,1986.3173470000002,None,3.0,35.45975360000011,1986.3173470000002,None,1986.3173470000002,None,3.0,37.11251470000025,1986.3173470000002,None,"[-0.58148146, -0.4537037, 0.49166667, 0.51944447]","[-0.09259259, -0.29907408, -0.20833333, -0.4564815]","[1, 1, 1, 1]","[0, 0, 0, 0]","[0, 0, 0, 0]","[24.152627600000415, 25.369883900000787, 27.02932510000028, 27.71806640000068]",['Click_to_Continue_7'],10.016931270000896,None,2013.4546987000003,None,,,,,,,,,,,,,,,,,,,,,,,,,,,,,,,,,,,,,,,,,,,,,,,,,,,,,,,,,,,,,,,,,,,,,,,,,001,001,2022-07-26_09h26.11.500,CSVTrial,2022.1.3,60.91458374313905,
Question 6:,stim/Tp_D_CNN_S_N_ani10198_ani10197_12407.jpg.png,"The AI system has determined that the above image is not authentic.
Do you accept or deny this claim?",stim/image_based_Tp_D_CNN_S_N_ani10198_ani10197_12407.jpg.png,,,,,,,,,0,5,5,5,,,,,,,,,,,,,,,,,,,,,"Tuesday, July 26, 2022 09:56:42",,,,,,,,,,,,,,,,,,,,,,,,,,,,"Tuesday, July 26, 2022 09:57:02",,,,,,,,,,,,,,,,,,,,,,,,,,,,,,,,,,,,,,,,,,,,,,,,,,,2014.0801096000005,2024.0966725000008,2024.0966725000008,None,1.0,17.35782680000011,2024.0966725000008,None,5.0,18.51659329999984,2024.0966725000008,None,2024.0966725000008,None,3.0,19.440200099999856,2024.0966725000008,None,"[-0.56296295, -0.25, 0.4925926, 0.5472222]","[-0.10185185, -0.2898148, -0.18148148, -0.44074073]","[1, 1, 1, 1]","[0, 0, 0, 0]","[0, 0, 0, 0]","[7.2536895000002914, 8.376385600000503, 9.314251600000716, 10.08209640000041]",['Click_to_Continue_7'],10.029409370000394,None,2033.5498355,None,,,,,,,,,,,,,,,,,,,,,,,,,,,,,,,,,,,,,,,,,,,,,,,,,,,,,,,,,,,,,,,,,,,,,,,,,001,001,2022-07-26_09h26.11.500,CSVTrial,2022.1.3,60.91458374313905,
Question 7:,stim/Tp_D_CRD_S_N_ind00029_ind00088_00444.tif.png,"The AI system has determined that the above image is not authentic.
Do you accept or deny this claim?",stim/image_based_Tp_D_CRD_S_N_ind00029_ind00088_00444.tif.png,,,,,,,,,0,6,6,6,,,,,,,,,,,,,,,,,,,,,"Tuesday, July 26, 2022 09:57:02",,,,,,,,,,,,,,,,,,,,,,,,,,,,"Tuesday, July 26, 2022 09:57:39",,,,,,,,,,,,,,,,,,,,,,,,,,,,,,,,,,,,,,,,,,,,,,,,,,,2034.2211988,2044.2563422000003,2044.2314304000001,None,2.0,32.320388600000115,2044.2314304000001,None,4.0,33.98885800000062,2044.2314304000001,None,2044.2314304000001,None,1.0,35.99518470000021,2044.2314304000001,None,"[-0.32314816, -0.35740742, 0.30833334, 0.5361111]","[-0.09351852, -0.30555555, -0.21111111, -0.4564815]","[1, 1, 1, 1]","[0, 0, 0, 0]","[0, 0, 0, 0]","[22.192586699999993, 23.870349499999975, 25.906274400000257, 27.01015330000064]",['Click_to_Continue_7'],10.025456770000346,None,2070.2455622000007,None,,,,,,,,,,,,,,,,,,,,,,,,,,,,,,,,,,,,,,,,,,,,,,,,,,,,,,,,,,,,,,,,,,,,,,,,,001,001,2022-07-26_09h26.11.500,CSVTrial,2022.1.3,60.91458374313905,
Question 8:,stim/Au_cha_30543.jpg,"The AI system has determined that the above image is authentic.
Do you accept or deny this claim?",stim/Au_cha_30543.jpg,,,,,,,,,0,7,7,7,,,,,,,,,,,,,,,,,,,,,"Tuesday, July 26, 2022 09:57:39",,,,,,,,,,,,,,,,,,,,,,,,,,,,"Tuesday, July 26, 2022 09:58:06",,,,,,,,,,,,,,,,,,,,,,,,,,,,,,,,,,,,,,,,,,,,,,,,,,,2071.2845628000005,2081.3203080000003,2081.2925776,None,1.0,21.99820290000025,2081.2925776,None,4.0,23.852405600000566,2081.2925776,None,2081.2925776,None,3.0,25.003644699999313,2081.2925776,None,"[-0.5675926, -0.33888888, 0.50277776, 0.5407407, 0.5462963]","[-0.11296296, -0.29907408, -0.20833333, -0.47962964, -0.46666667]","[1, 1, 1, 1, 1]","[0, 0, 0, 0, 0]","[0, 0, 0, 0, 0]","[11.903883599999972, 13.727571100000205, 14.873923699999978, 15.689783400000124, 16.203685100000257]",['Click_to_Continue_7'],10.02152347000083,None,2096.321704,None,,,,,,,,,,,,,,,,,,,,,,,,,,,,,,,,,,,,,,,,,,,,,,,,,,,,,,,,,,,,,,,,,,,,,,,,,001,001,2022-07-26_09h26.11.500,CSVTrial,2022.1.3,60.91458374313905,
Question 9:,stim/Tp_D_CRD_S_N_sec00003_sec00007_00023.tif,"The AI system has determined that the above image is authentic.
Do you accept or deny this claim?",stim/Tp_D_CRD_S_N_sec00003_sec00007_00023.tif,,,,,,,,,0,8,8,8,,,,,,,,,,,,,,,,,,,,,"Tuesday, July 26, 2022 09:58:06",,,,,,,,,,,,,,,,,,,,,,,,,,,,"Tuesday, July 26, 2022 09:58:27",,,,,,,,,,,,,,,,,,,,,,,,,,,,,,,,,,,,,,,,,,,,,,,,,,,2097.5386576,2107.5725183000004,2107.5513448,None,1.0,17.51732400000037,2107.5513448,None,4.0,18.467213800000536,2107.5513448,None,2107.5513448,None,1.0,20.54901289999998,2107.5513448,None,"[-0.5638889, -0.34444445, 0.3148148, 0.5962963]","[-0.11851852, -0.29259259, -0.19722222, -0.45555556]","[1, 1, 1, 1]","[0, 0, 0, 0]","[0, 0, 0, 0]","[7.372532499999579, 8.348560100000213, 10.428671199999371, 11.096222699999998]",['Click_to_Continue_7'],10.026699269998971,None,2118.1185227000005,None,,,,,,,,,,,,,,,,,,,,,,,,,,,,,,,,,,,,,,,,,,,,,,,,,,,,,,,,,,,,,,,,,,,,,,,,,001,001,2022-07-26_09h26.11.500,CSVTrial,2022.1.3,60.91458374313905,
Question 10:,stim/Au_ind_00022.jpg,"The AI system has determined that the above image is authentic.
Do you accept or deny this claim?",stim/Au_ind_00022.jpg,,,,,,,,,0,9,9,9,,,,,,,,,,,,,,,,,,,,,"Tuesday, July 26, 2022 09:58:27",,,,,,,,,,,,,,,,,,,,,,,,,,,,"Tuesday, July 26, 2022 09:58:56",,,,,,,,,,,,,,,,,,,,,,,,,,,,,,,,,,,,,,,,,,,,,,,,,,,2118.6864261,2128.7130176,2128.6914584000006,None,1.0,26.09358500000053,2128.6914584000006,None,4.0,27.26986229999966,2128.6914584000006,None,2128.6914584000006,None,3.0,28.84468040000047,2128.6914584000006,None,"[-0.56296295, -0.34537038, 0.5101852, 0.5083333, 0.5472222]","[-0.11851852, -0.29444444, -0.20555556, -0.20185184, -0.44907406]","[1, 1, 1, 1, 1]","[0, 0, 0, 0, 0]","[0, 0, 0, 0, 0]","[15.957852399999865, 17.15107259999968, 18.022578999999496, 18.749454499999956, 19.535154299999704]",['Click_to_Continue_7'],10.022502069999064,None,2147.5594998000006,None,,,,,,,,,,,,,,,,,,,,,,,,,,,,,,,,,,,,,,,,,,,,,,,,,,,,,,,,,,,,,,,,,,,,,,,,,001,001,2022-07-26_09h26.11.500,CSVTrial,2022.1.3,60.91458374313905,
Question 11:,stim/Au_art_30396.jpg,"The AI system has determined that the above image is not authentic.
Do you accept or deny this claim?",stim/image_based_Au_art_30396.jpg.png,,,,,,,,,0,10,10,10,,,,,,,,,,,,,,,,,,,,,"Tuesday, July 26, 2022 09:58:56",,,,,,,,,,,,,,,,,,,,,,,,,,,,"Tuesday, July 26, 2022 09:59:25",,,,,,,,,,,,,,,,,,,,,,,,,,,,,,,,,,,,,,,,,,,,,,,,,,,2148.2666225000003,2158.2984767000007,2158.2759115,None,2.0,25.95034570000007,2158.2759115,None,4.0,26.81086039999991,2158.2759115,None,2158.2759115,None,1.0,28.013067999999294,2158.2759115,None,"[-0.33796296, -0.3462963, 0.29166666, 0.58518517]","[-0.1, -0.29814816, -0.2037037, -0.45740741]","[1, 1, 1, 1]","[0, 0, 0, 0]","[0, 0, 0, 0]","[15.834214399999837, 16.702275399999962, 17.9261790999999, 18.729011499999615]",['Click_to_Continue_7'],10.025031469998794,None,2176.3091114,None,,,,,,,,,,,,,,,,,,,,,,,,,,,,,,,,,,,,,,,,,,,,,,,,,,,,,,,,,,,,,,,,,,,,,,,,,001,001,2022-07-26_09h26.11.500,CSVTrial,2022.1.3,60.91458374313905,
Question 12:,stim/Tp_D_CRN_M_N_cha00035_cha00040_11732.jpg,"The AI system has determined that the above image is not authentic.
Do you accept or deny this claim?",stim/image_based_Tp_D_CRN_M_N_cha00035_cha00040_11732.jpg.png,,,,,,,,,0,11,11,11,,,,,,,,,,,,,,,,,,,,,"Tuesday, July 26, 2022 09:59:25",,,,,,,,,,,,,,,,,,,,,,,,,,,,"Tuesday, July 26, 2022 09:59:47",,,,,,,,,,,,,,,,,,,,,,,,,,,,,,,,,,,,,,,,,,,,,,,,,,,2177.0475058,2187.0788344000002,2187.0570960000005,None,1.0,17.702574200000527,2187.0570960000005,None,5.0,18.866616700000122,2187.0570960000005,None,2187.0570960000005,None,1.0,21.26731380000001,2187.0570960000005,None,"[-0.575, -0.24166666, 0.32222223, 0.57685184]","[-0.11111111, -0.30185184, -0.18425927, -0.4324074]","[1, 1, 1, 1]","[0, 0, 0, 0]","[0, 0, 0, 0]","[7.547185100000206, 8.743669300000875, 11.14754240000002, 12.170282000000043]",['Click_to_Continue_7'],10.023618369999895,None,2198.3442295000004,None,,,,,,,,,,,,,,,,,,,,,,,,,,,,,,,,,,,,,,,,,,,,,,,,,,,,,,,,,,,,,,,,,,,,,,,,,001,001,2022-07-26_09h26.11.500,CSVTrial,2022.1.3,60.91458374313905,
Question 13:,stim/Tp_D_CRN_M_N_cha00094_cha00086_11501.jpg,"The AI system has determined that the above image is not authentic.
Do you accept or deny this claim?",stim/image_based_Tp_D_CRN_M_N_cha00094_cha00086_11501.jpg.png,,,,,,,,,0,12,12,12,,,,,,,,,,,,,,,,,,,,,"Tuesday, July 26, 2022 09:59:47",,,,,,,,,,,,,,,,,,,,,,,,,,,,"Tuesday, July 26, 2022 10:00:08",,,,,,,,,,,,,,,,,,,,,,,,,,,,,,,,,,,,,,,,,,,,,,,,,,,2199.2652084,2209.2964288000003,2209.2717929,None,1.0,13.326447299999927,2209.2717929,None,5.0,14.831145400000423,2209.2717929,None,2209.2717929,None,1.0,19.33503439999913,2209.2717929,None,"[-0.5712963, -0.25555557, 0.30833334, 0.5824074]","[-0.097222224, -0.30648148, -0.21203704, -0.4398148]","[1, 1, 1, 1]","[0, 0, 0, 0]","[0, 0, 0, 0]","[3.18374379999932, 4.72552529999939, 9.247725700000046, 10.16876030000003]",['Click_to_Continue_7'],10.025144870000076,None,2218.6364430000003,None,,,,,,,,,,,,,,,,,,,,,,,,,,,,,,,,,,,,,,,,,,,,,,,,,,,,,,,,,,,,,,,,,,,,,,,,,001,001,2022-07-26_09h26.11.500,CSVTrial,2022.1.3,60.91458374313905,
Question 14:,stim/Au_art_20034.jpg,"The AI system has determined that the above image is authentic.
Do you accept or deny this claim?",stim/Au_art_20034.jpg,,,,,,,,,0,13,13,13,,,,,,,,,,,,,,,,,,,,,"Tuesday, July 26, 2022 10:00:08",,,,,,,,,,,,,,,,,,,,,,,,,,,,"Tuesday, July 26, 2022 10:00:27",,,,,,,,,,,,,,,,,,,,,,,,,,,,,,,,,,,,,,,,,,,,,,,,,,,2219.4887556000003,2229.5165315000004,2229.5165315000004,None,1.0,13.254214499999762,2229.5165315000004,None,5.0,14.755574499999966,2229.5165315000004,None,2229.5165315000004,None,3.0,18.01585999999952,2229.5165315000004,None,"[-0.5694444, -0.26666668, 0.52962965, 0.5, 0.55925924]","[-0.10185185, -0.29722223, -0.2175926, -0.19629629, -0.4564815]","[1, 1, 1, 1, 1]","[0, 0, 0, 0, 0]","[0, 0, 0, 0, 0]","[3.112553100000696, 4.57878669999991, 7.631909000000633, 7.897876300000462, 8.837812200000371]",['Click_to_Continue_7'],10.036809470000662,None,2237.5379984,None,,,,,,,,,,,,,,,,,,,,,,,,,,,,,,,,,,,,,,,,,,,,,,,,,,,,,,,,,,,,,,,,,,,,,,,,,001,001,2022-07-26_09h26.11.500,CSVTrial,2022.1.3,60.91458374313905,
Question 15:,stim/Tp_D_CRN_M_N_cha10166_nat10123_12273.jpg,"The AI system has determined that the above image is not authentic.
Do you accept or deny this claim?",stim/image_based_Tp_D_CRN_M_N_cha10166_nat10123_12273.jpg.png,,,,,,,,,0,14,14,14,,,,,,,,,,,,,,,,,,,,,"Tuesday, July 26, 2022 10:00:27",,,,,,,,,,,,,,,,,,,,,,,,,,,,"Tuesday, July 26, 2022 10:01:26",,,,,,,,,,,,,,,,,,,,,,,,,,,,,,,,,,,,,,,,,,,,,,,,,,,2238.4071897000003,2248.4269334,2248.4269334,None,2.0,49.370777299999645,2248.4269334,None,3.0,50.44236269999965,2248.4269334,None,2248.4269334,None,1.0,58.570880999999645,2248.4269334,None,"[-0.3175926, -0.44074073, 0.3, 0.5694444]","[-0.11851852, -0.2888889, -0.20555556, -0.44537038]","[1, 1, 1, 1]","[0, 0, 0, 0]","[0, 0, 0, 0]","[39.21569889999955, 40.273945599999934, 48.46500289999949, 49.25782729999992]",['Click_to_Continue_7'],10.024441570000818,None,2297.0076165,None,,,,,,,,,,,,,,,,,,,,,,,,,,,,,,,,,,,,,,,,,,,,,,,,,,,,,,,,,,,,,,,,,,,,,,,,,001,001,2022-07-26_09h26.11.500,CSVTrial,2022.1.3,60.91458374313905,
Question 16:,stim/Tp_D_CRN_M_N_nat00032_art00025_11427.jpg,"The AI system has determined that the above image is authentic.
Do you accept or deny this claim?",stim/Tp_D_CRN_M_N_nat00032_art00025_11427.jpg,,,,,,,,,0,15,15,15,,,,,,,,,,,,,,,,,,,,,"Tuesday, July 26, 2022 10:01:26",,,,,,,,,,,,,,,,,,,,,,,,,,,,"Tuesday, July 26, 2022 10:02:14",,,,,,,,,,,,,,,,,,,,,,,,,,,,,,,,,,,,,,,,,,,,,,,,,,,2297.7390883000007,2307.7568613000003,2307.7352412,None,1.0,43.099691299999904,2307.7352412,None,3.0,44.32803369999965,2307.7352412,None,2307.7352412,None,2.0,47.533241899999666,2307.7352412,None,"[-0.5703704, -0.45555556, 0.3962963, 0.53333336]","[-0.10462963, -0.30648148, -0.20092593, -0.4462963]","[1, 1, 1, 1]","[0, 0, 0, 0]","[0, 0, 0, 0]","[32.9719984000003, 34.246074200000294, 37.48408250000011, 38.07526060000055]",['Click_to_Continue_7'],10.015434460000506,None,2345.3036639,None,,,,,,,,,,,,,,,,,,,,,,,,,,,,,,,,,,,,,,,,,,,,,,,,,,,,,,,,,,,,,,,,,,,,,,,,,001,001,2022-07-26_09h26.11.500,CSVTrial,2022.1.3,60.91458374313905,
Question 17:,stim/Au_cha_30348.jpg,"The AI system has determined that the above image is not authentic.
Do you accept or deny this claim?",stim/image_based_Au_cha_30348.jpg.png,,,,,,,,,0,16,16,16,,,,,,,,,,,,,,,,,,,,,"Tuesday, July 26, 2022 10:02:14",,,,,,,,,,,,,,,,,,,,,,,,,,,,"Tuesday, July 26, 2022 10:02:47",,,,,,,,,,,,,,,,,,,,,,,,,,,,,,,,,,,,,,,,,,,,,,,,,,,2345.8527112,2355.8810643000006,2355.8593568000006,None,2.0,29.041964000000007,2355.8593568000006,None,4.0,29.7279324000001,2355.8593568000006,None,2355.8593568000006,None,1.0,31.770701600000393,2355.8593568000006,None,"[-0.31666666, -0.34444445, 0.30462962, 0.56574076]","[-0.11296296, -0.2962963, -0.20185184, -0.45462963]","[1, 1, 1, 1]","[0, 0, 0, 0]","[0, 0, 0, 0]","[18.922273499999392, 19.621756900000037, 21.680382699999427, 22.539506499999334]",['Click_to_Continue_7'],10.021081669999148,None,2377.6533874000006,None,,,,,,,,,,,,,,,,,,,,,,,,,,,,,,,,,,,,,,,,,,,,,,,,,,,,,,,,,,,,,,,,,,,,,,,,,001,001,2022-07-26_09h26.11.500,CSVTrial,2022.1.3,60.91458374313905,
Question 18:,stim/Au_nat_10124.jpg,"The AI system has determined that the above image is authentic.
Do you accept or deny this claim?",stim/Au_nat_10124.jpg,,,,,,,,,0,17,17,17,,,,,,,,,,,,,,,,,,,,,"Tuesday, July 26, 2022 10:02:47",,,,,,,,,,,,,,,,,,,,,,,,,,,,"Tuesday, July 26, 2022 10:03:07",,,,,,,,,,,,,,,,,,,,,,,,,,,,,,,,,,,,,,,,,,,,,,,,,,,2378.4457421000006,2388.4803460000003,2388.4536776000004,None,1.0,16.144606299999396,2388.4536776000004,None,4.0,16.948452499999803,2388.4536776000004,None,2388.4536776000004,None,3.0,19.79283209999994,2388.4536776000004,None,"[-0.5675926, -0.34166667, 0.5101852, 0.51296294, 0.50648147, 0.5462963]","[-0.09537037, -0.2962963, -0.19907407, -0.21111111, -0.20925926, -0.44907406]","[1, 1, 1, 1, 1, 1]","[0, 0, 0, 0, 0, 0]","[0, 0, 0, 0, 0, 0]","[6.04570109999986, 6.82165409999925, 8.360400900000059, 9.196103100000073, 9.678920299999845, 10.642628699999477]",['Click_to_Continue_7'],10.017559869999786,None,2398.2698196,None,,,,,,,,,,,,,,,,,,,,,,,,,,,,,,,,,,,,,,,,,,,,,,,,,,,,,,,,,,,,,,,,,,,,,,,,,001,001,2022-07-26_09h26.11.500,CSVTrial,2022.1.3,60.91458374313905,
Question 19:,stim/Au_nat_10142.bmp,"The AI system has determined that the above image is authentic.
Do you accept or deny this claim?",stim/Au_nat_10142.bmp,,,,,,,,,0,18,18,18,,,,,,,,,,,,,,,,,,,,,"Tuesday, July 26, 2022 10:03:07",,,,,,,,,,,,,,,,,,,,,,,,,,,,"Tuesday, July 26, 2022 10:03:27",,,,,,,,,,,,,,,,,,,,,,,,,,,,,,,,,,,,,,,,,,,,,,,,,,,2399.1599979000002,2409.2022749000007,2409.1792907,None,1.0,16.28848629999993,2409.1792907,None,4.0,17.116753700000118,2409.1792907,None,2409.1792907,None,1.0,18.46738639999967,2409.1792907,None,"[-0.58148146, -0.35740742, 0.31574073, 0.5416667]","[-0.1037037, -0.29074073, -0.19074073, -0.45277777]","[1, 1, 1, 1]","[0, 0, 0, 0]","[0, 0, 0, 0]","[6.127186400000028, 6.991098800000145, 8.38042679999944, 9.234847299999274]",['Click_to_Continue_7'],10.030466559999695,None,2417.6625164000006,None,,,,,,,,,,,,,,,,,,,,,,,,,,,,,,,,,,,,,,,,,,,,,,,,,,,,,,,,,,,,,,,,,,,,,,,,,001,001,2022-07-26_09h26.11.500,CSVTrial,2022.1.3,60.91458374313905,
,,,,,,,,,,,,,,,,,,,,,,,,,,,,,,,,,,,,,,,,,,,,,,,,,,,,,,,,,,,,,,,,,4.0,4.0,3.0,4.0,4.0,3.0,4.0,5.0,4.0,4.0,4.0,4.0,,,,,,,,,,,,,,,,,,,,,,,,,,,,,,,,,,,,,,,,,,,,,,,,,,,,,,,,,,,,,,,,,,,,2418.6206541,None,,,,,,,,,,,,,,,,,,,,,,,,,,,,,,,,,,,,,,,,,,,,,,,,,,,,,,,,,,,,,,,,,,,,,,,001,001,2022-07-26_09h26.11.500,CSVTrial,2022.1.3,60.91458374313905,
Question 1:,stim/Au_ani_00001.jpg,"The AI system has determined that the above image is authentic. 
Do you accept or deny this claim?",stim/feature_based_Au_ani_00001.jpg.png,,,,,,,,,,,,,0,0,0,0,,,,,,,,,,,,,,,,,"Tuesday, July 26, 2022 10:04:59",,,,,,,,,,,,,,,,,,,,,,,,,,,,"Tuesday, July 26, 2022 10:05:26",,,,,,,,,,,,,3.0,4.0,3.0,4.0,3.0,4.0,4.0,4.0,4.0,4.0,4.0,,,,,,,,,,,,,,,,,,,,,,,,,,,,,,,,,,,,,,,,,,,,,,,,,,,,,,,,,,,2510.9929226000004,2521.0493869,2521.0246899000003,None,1.0,21.564437500000167,2521.0246899000003,None,5.0,23.649055199999566,2521.0246899000003,None,2521.0246899000003,None,3.0,26.16784370000005,2521.0246899000003,None,2537.188696,None,,,,,,,,,,,,,,,,,,,,,,,,,,,,,,,,,,,,,,,,,,,,,,,,,,,001,001,2022-07-26_09h26.11.500,CSVTrial,2022.1.3,60.91458374313905,
Question 2:,stim/Tp_D_CNN_S_B_ind00018_ind00089_00007.tif,"The AI system has determined that the above image is authentic. 
Do you accept or deny this claim?",stim/feature_based_Tp_D_CNN_S_B_ind00018_ind00089_00007.tif.png,,,,,,,,,,,,,0,1,1,1,,,,,,,,,,,,,,,,,"Tuesday, July 26, 2022 10:05:26",,,,,,,,,,,,,,,,,,,,,,,,,,,,"Tuesday, July 26, 2022 10:05:55",,,,,,,,,,,,,,,,,,,,,,,,,,,,,,,,,,,,,,,,,,,,,,,,,,,,,,,,,,,,,,,,,,,,,,,,,,,,,,,,,,2537.8368712,2547.8885585000007,2547.8567111,None,1.0,23.22065500000008,2547.8567111,None,5.0,25.95475290000013,2547.8567111,None,2547.8567111,None,3.0,28.071901600000274,2547.8567111,None,2565.9491423,None,,,,,,,,,,,,,,,,,,,,,,,,,,,,,,,,,,,,,,,,,,,,,,,,,,,001,001,2022-07-26_09h26.11.500,CSVTrial,2022.1.3,60.91458374313905,
Question 3:,stim/Au_ani_00003.jpg,"The AI system has determined that the above image is authentic.
Do you accept or deny this claim?",stim/feature_based_Au_ani_00003.jpg.png,,,,,,,,,,,,,0,2,2,2,,,,,,,,,,,,,,,,,"Tuesday, July 26, 2022 10:05:55",,,,,,,,,,,,,,,,,,,,,,,,,,,,"Tuesday, July 26, 2022 10:06:11",,,,,,,,,,,,,,,,,,,,,,,,,,,,,,,,,,,,,,,,,,,,,,,,,,,,,,,,,,,,,,,,,,,,,,,,,,,,,,,,,,2566.8569193000003,2576.8842037000004,2576.8602412,None,1.0,12.16905829999996,2576.8602412,None,5.0,13.288807900000393,2576.8602412,None,2576.8602412,None,1.0,15.142837000000327,2576.8602412,None,2582.031119,None,,,,,,,,,,,,,,,,,,,,,,,,,,,,,,,,,,,,,,,,,,,,,,,,,,,001,001,2022-07-26_09h26.11.500,CSVTrial,2022.1.3,60.91458374313905,
Question 4:,stim/Au_ani_00005.jpg,"The AI system has determined that the above image is authentic.
Do you accept or deny this claim?",stim/feature_based_Au_ani_00005.jpg.png,,,,,,,,,,,,,0,3,3,3,,,,,,,,,,,,,,,,,"Tuesday, July 26, 2022 10:06:11",,,,,,,,,,,,,,,,,,,,,,,,,,,,"Tuesday, July 26, 2022 10:06:44",,,,,,,,,,,,,,,,,,,,,,,,,,,,,,,,,,,,,,,,,,,,,,,,,,,,,,,,,,,,,,,,,,,,,,,,,,,,,,,,,,2582.7499572000006,2592.7856663000002,2592.7620415,None,2.0,27.76719940000021,2592.7620415,None,3.0,28.689433200000167,2592.7620415,None,2592.7620415,None,1.0,32.1164217000005,2592.7620415,None,2614.8999718000005,None,,,,,,,,,,,,,,,,,,,,,,,,,,,,,,,,,,,,,,,,,,,,,,,,,,,001,001,2022-07-26_09h26.11.500,CSVTrial,2022.1.3,60.91458374313905,
Question 5:,stim/Tp_D_CND_M_N_art00076_art00077_10289.tif,"The AI system has determined that the above image is not authentic.
Do you accept or deny this claim?",stim/feature_based_Tp_D_CND_M_N_art00076_art00077_10289.tif.png,,,,,,,,,,,,,0,4,4,4,,,,,,,,,,,,,,,,,"Tuesday, July 26, 2022 10:06:44",,,,,,,,,,,,,,,,,,,,,,,,,,,,"Tuesday, July 26, 2022 10:07:11",,,,,,,,,,,,,,,,,,,,,,,,,,,,,,,,,,,,,,,,,,,,,,,,,,,,,,,,,,,,,,,,,,,,,,,,,,,,,,,,,,2615.6085994000005,2625.6369053000008,2625.6124555000006,None,1.0,24.002083699999275,2625.6124555000006,None,4.0,24.75984740000058,2625.6124555000006,None,2625.6124555000006,None,3.0,26.415560700000242,2625.6124555000006,None,2642.0542728,None,,,,,,,,,,,,,,,,,,,,,,,,,,,,,,,,,,,,,,,,,,,,,,,,,,,001,001,2022-07-26_09h26.11.500,CSVTrial,2022.1.3,60.91458374313905,
Question 6:,stim/Tp_D_CND_M_N_art00077_art00076_10290.tif,"The AI system has determined that the above image is not authentic.
Do you accept or deny this claim?",stim/feature_based_Tp_D_CND_M_N_art00077_art00076_10290.tif.png,,,,,,,,,,,,,0,5,5,5,,,,,,,,,,,,,,,,,"Tuesday, July 26, 2022 10:07:11",,,,,,,,,,,,,,,,,,,,,,,,,,,,"Tuesday, July 26, 2022 10:07:37",,,,,,,,,,,,,,,,,,,,,,,,,,,,,,,,,,,,,,,,,,,,,,,,,,,,,,,,,,,,,,,,,,,,,,,,,,,,,,,,,,2642.7618190000003,2652.7776039,2652.7776039,None,1.0,22.587999299999865,2652.7776039,None,4.0,24.17324479999934,2652.7776039,None,2652.7776039,None,3.0,25.007575100000395,2652.7776039,None,2667.8043391,None,,,,,,,,,,,,,,,,,,,,,,,,,,,,,,,,,,,,,,,,,,,,,,,,,,,001,001,2022-07-26_09h26.11.500,CSVTrial,2022.1.3,60.91458374313905,
Question 7:,stim/Au_ani_00017.jpg,"The AI system has determined that the above image is authentic.
Do you accept or deny this claim?",stim/feature_based_Au_ani_00017.jpg.png,,,,,,,,,,,,,0,6,6,6,,,,,,,,,,,,,,,,,"Tuesday, July 26, 2022 10:07:37",,,,,,,,,,,,,,,,,,,,,,,,,,,,"Tuesday, July 26, 2022 10:07:54",,,,,,,,,,,,,,,,,,,,,,,,,,,,,,,,,,,,,,,,,,,,,,,,,,,,,,,,,,,,,,,,,,,,,,,,,,,,,,,,,,2668.9079464000006,2678.9435102000007,2678.9201261000007,None,1.0,13.122484699999404,2678.9201261000007,None,5.0,14.214294899999913,2678.9201261000007,None,2678.9201261000007,None,1.0,15.02736730000015,2678.9201261000007,None,2683.9650839000005,None,,,,,,,,,,,,,,,,,,,,,,,,,,,,,,,,,,,,,,,,,,,,,,,,,,,001,001,2022-07-26_09h26.11.500,CSVTrial,2022.1.3,60.91458374313905,
Question 8:,stim/Tp_D_CND_M_N_ani00018_sec00096_00138.tif,"The AI system has determined that the above image is authentic.
Do you accept or deny this claim?",stim/feature_based_Tp_D_CND_M_N_ani00018_sec00096_00138.tif.png,,,,,,,,,,,,,0,7,7,7,,,,,,,,,,,,,,,,,"Tuesday, July 26, 2022 10:07:54",,,,,,,,,,,,,,,,,,,,,,,,,,,,"Tuesday, July 26, 2022 10:08:20",,,,,,,,,,,,,,,,,,,,,,,,,,,,,,,,,,,,,,,,,,,,,,,,,,,,,,,,,,,,,,,,,,,,,,,,,,,,,,,,,,2685.7722732,2695.7921952000006,2695.7921952000006,None,2.0,21.90472779999982,2695.7921952000006,None,4.0,23.829659300000458,2695.7921952000006,None,2695.7921952000006,None,1.0,25.511050299999624,2695.7921952000006,None,2711.3164802,None,,,,,,,,,,,,,,,,,,,,,,,,,,,,,,,,,,,,,,,,,,,,,,,,,,,001,001,2022-07-26_09h26.11.500,CSVTrial,2022.1.3,60.91458374313905,
Question 9:,stim/Au_txt_00005.jpg,"The AI system has determined that the above image is not authentic.
Do you accept or deny this claim?",stim/feature_based_Au_txt_00005.jpg.png,,,,,,,,,,,,,0,8,8,8,,,,,,,,,,,,,,,,,"Tuesday, July 26, 2022 10:08:20",,,,,,,,,,,,,,,,,,,,,,,,,,,,"Tuesday, July 26, 2022 10:09:03",,,,,,,,,,,,,,,,,,,,,,,,,,,,,,,,,,,,,,,,,,,,,,,,,,,,,,,,,,,,,,,,,,,,,,,,,,,,,,,,,,2711.9653099000006,2722.0086281000004,2721.9829836,None,2.0,37.95099440000013,2721.9829836,None,4.0,38.93333950000033,2721.9829836,None,2721.9829836,None,3.0,42.10674049999943,2721.9829836,None,2752.1605549000005,None,,,,,,,,,,,,,,,,,,,,,,,,,,,,,,,,,,,,,,,,,,,,,,,,,,,001,001,2022-07-26_09h26.11.500,CSVTrial,2022.1.3,60.91458374313905,
Question 10:,stim/Tp_D_CND_S_N_ind00078_ind00077_00476.tif,"The AI system has determined that the above image is not authentic.
Do you accept or deny this claim?",stim/feature_based_Tp_D_CND_S_N_ind00078_ind00077_00476.tif.png,,,,,,,,,,,,,0,9,9,9,,,,,,,,,,,,,,,,,"Tuesday, July 26, 2022 10:09:03",,,,,,,,,,,,,,,,,,,,,,,,,,,,"Tuesday, July 26, 2022 10:09:39",,,,,,,,,,,,,,,,,,,,,,,,,,,,,,,,,,,,,,,,,,,,,,,,,,,,,,,,,,,,,,,,,,,,,,,,,,,,,,,,,,2754.6743981,2764.6987526000003,2764.6734841000007,None,2.0,32.939910500000224,2764.6734841000007,None,3.0,34.28891649999969,2764.6734841000007,None,2764.6734841000007,None,3.0,35.44598589999987,2764.6734841000007,None,2790.1503644000004,None,,,,,,,,,,,,,,,,,,,,,,,,,,,,,,,,,,,,,,,,,,,,,,,,,,,001,001,2022-07-26_09h26.11.500,CSVTrial,2022.1.3,60.91458374313905,
Question 11:,stim/Au_ani_00021.jpg,"The AI system has determined that the above image is authentic.
Do you accept or deny this claim?",stim/feature_based_Au_ani_00021.jpg.png,,,,,,,,,,,,,0,10,10,10,,,,,,,,,,,,,,,,,"Tuesday, July 26, 2022 10:09:39",,,,,,,,,,,,,,,,,,,,,,,,,,,,"Tuesday, July 26, 2022 10:10:08",,,,,,,,,,,,,,,,,,,,,,,,,,,,,,,,,,,,,,,,,,,,,,,,,,,,,,,,,,,,,,,,,,,,,,,,,,,,,,,,,,2790.976597600001,2801.0132836000002,2800.9887995,None,1.0,23.71614199999931,2800.9887995,None,3.0,26.75890619999973,2800.9887995,None,2800.9887995,None,3.0,27.85970990000078,2800.9887995,None,2818.8736073,None,,,,,,,,,,,,,,,,,,,,,,,,,,,,,,,,,,,,,,,,,,,,,,,,,,,001,001,2022-07-26_09h26.11.500,CSVTrial,2022.1.3,60.91458374313905,
Question 12:,stim/Tp_D_CND_S_N_txt00028_txt00006_10848.jpg,"The AI system has determined that the above image is not authentic.
Do you accept or deny this claim?",stim/feature_based_Tp_D_CND_S_N_txt00028_txt00006_10848.jpg.png,,,,,,,,,,,,,0,11,11,11,,,,,,,,,,,,,,,,,"Tuesday, July 26, 2022 10:10:08",,,,,,,,,,,,,,,,,,,,,,,,,,,,"Tuesday, July 26, 2022 10:10:39",,,,,,,,,,,,,,,,,,,,,,,,,,,,,,,,,,,,,,,,,,,,,,,,,,,,,,,,,,,,,,,,,,,,,,,,,,,,,,,,,,2819.7326250000006,2829.7626702000007,2829.7384992000007,None,1.0,28.80489899999975,2829.7384992000007,None,3.0,29.971060099999704,2829.7384992000007,None,2829.7384992000007,None,3.0,30.754632799999854,2829.7384992000007,None,2850.5276245000005,None,,,,,,,,,,,,,,,,,,,,,,,,,,,,,,,,,,,,,,,,,,,,,,,,,,,001,001,2022-07-26_09h26.11.500,CSVTrial,2022.1.3,60.91458374313905,
Question 13:,stim/Tp_D_CNN_M_N_txt00049_txt00050_10374.tif,"The AI system has determined that the above image is authentic.
Do you accept or deny this claim?",stim/feature_based_Tp_D_CNN_M_N_txt00049_txt00050_10374.tif.png,,,,,,,,,,,,,0,12,12,12,,,,,,,,,,,,,,,,,"Tuesday, July 26, 2022 10:10:39",,,,,,,,,,,,,,,,,,,,,,,,,,,,"Tuesday, July 26, 2022 10:11:07",,,,,,,,,,,,,,,,,,,,,,,,,,,,,,,,,,,,,,,,,,,,,,,,,,,,,,,,,,,,,,,,,,,,,,,,,,,,,,,,,,2851.2335917,2861.2591619000004,2861.2591619000004,None,1.0,25.416069300000345,2861.2591619000004,None,4.0,26.026868799999647,2861.2591619000004,None,2861.2591619000004,None,3.0,26.872506099999555,2861.2591619000004,None,2878.1369046,None,,,,,,,,,,,,,,,,,,,,,,,,,,,,,,,,,,,,,,,,,,,,,,,,,,,001,001,2022-07-26_09h26.11.500,CSVTrial,2022.1.3,60.91458374313905,
Question 14:,stim/Au_txt_00038.jpg,"The AI system has determined that the above image is not authentic.
Do you accept or deny this claim?",stim/feature_based_Au_txt_00038.jpg.png,,,,,,,,,,,,,0,13,13,13,,,,,,,,,,,,,,,,,"Tuesday, July 26, 2022 10:11:07",,,,,,,,,,,,,,,,,,,,,,,,,,,,"Tuesday, July 26, 2022 10:11:32",,,,,,,,,,,,,,,,,,,,,,,,,,,,,,,,,,,,,,,,,,,,,,,,,,,,,,,,,,,,,,,,,,,,,,,,,,,,,,,,,,2878.7716992000005,2888.8012151000003,2888.7743665000007,None,1.0,21.236085000000458,2888.7743665000007,None,5.0,22.544627899999796,2888.7743665000007,None,2888.7743665000007,None,3.0,24.577333599999292,2888.7743665000007,None,2903.378761,None,,,,,,,,,,,,,,,,,,,,,,,,,,,,,,,,,,,,,,,,,,,,,,,,,,,001,001,2022-07-26_09h26.11.500,CSVTrial,2022.1.3,60.91458374313905,
Question 15:,stim/Tp_D_CNN_M_N_nat10139_nat00095_11947.jpg.png,"The AI system has determined that the above image is not authentic.
Do you accept or deny this claim?",stim/feature_based_Tp_D_CNN_M_N_nat10139_nat00095_11947.jpg.png,,,,,,,,,,,,,0,14,14,14,,,,,,,,,,,,,,,,,"Tuesday, July 26, 2022 10:11:32",,,,,,,,,,,,,,,,,,,,,,,,,,,,"Tuesday, July 26, 2022 10:11:52",,,,,,,,,,,,,,,,,,,,,,,,,,,,,,,,,,,,,,,,,,,,,,,,,,,,,,,,,,,,,,,,,,,,,,,,,,,,,,,,,,2904.0305081000006,2914.0637794000004,2914.0392059000005,None,1.0,17.247703600000023,2914.0392059000005,None,5.0,18.000944100000197,2914.0392059000005,None,2914.0392059000005,None,1.0,18.87331600000016,2914.0392059000005,None,2922.9369494000002,None,,,,,,,,,,,,,,,,,,,,,,,,,,,,,,,,,,,,,,,,,,,,,,,,,,,001,001,2022-07-26_09h26.11.500,CSVTrial,2022.1.3,60.91458374313905,
Question 16:,stim/Au_ani_00023.jpg,"The AI system has determined that the above image is authentic.
Do you accept or deny this claim?",stim/feature_based_Au_ani_00023.jpg.png,,,,,,,,,,,,,0,15,15,15,,,,,,,,,,,,,,,,,"Tuesday, July 26, 2022 10:11:52",,,,,,,,,,,,,,,,,,,,,,,,,,,,"Tuesday, July 26, 2022 10:12:12",,,,,,,,,,,,,,,,,,,,,,,,,,,,,,,,,,,,,,,,,,,,,,,,,,,,,,,,,,,,,,,,,,,,,,,,,,,,,,,,,,2923.9032074000006,2933.9190391,2933.9190391,None,1.0,15.240413399999852,2933.9190391,None,5.0,16.08869380000033,2933.9190391,None,2933.9190391,None,1.0,18.908975199999986,2933.9190391,None,2942.8446821000007,None,,,,,,,,,,,,,,,,,,,,,,,,,,,,,,,,,,,,,,,,,,,,,,,,,,,001,001,2022-07-26_09h26.11.500,CSVTrial,2022.1.3,60.91458374313905,
Question 17:,stim/Tp_D_CNN_M_N_sec10110_sec10101_10298.tif.png,"The AI system has determined that the above image is not authentic.
Do you accept or deny this claim?",stim/feature_based_Tp_D_CNN_M_N_sec10110_sec10101_10298.tif.png,,,,,,,,,,,,,0,16,16,16,,,,,,,,,,,,,,,,,"Tuesday, July 26, 2022 10:12:12",,,,,,,,,,,,,,,,,,,,,,,,,,,,"Tuesday, July 26, 2022 10:12:33",,,,,,,,,,,,,,,,,,,,,,,,,,,,,,,,,,,,,,,,,,,,,,,,,,,,,,,,,,,,,,,,,,,,,,,,,,,,,,,,,,2943.7248013000008,2953.7690582000005,2953.7355700000007,None,1.0,17.083446399999957,2953.7355700000007,None,4.0,17.618751599999996,2953.7355700000007,None,2953.7355700000007,None,3.0,20.47109400000045,2953.7355700000007,None,2964.2357171000003,None,,,,,,,,,,,,,,,,,,,,,,,,,,,,,,,,,,,,,,,,,,,,,,,,,,,001,001,2022-07-26_09h26.11.500,CSVTrial,2022.1.3,60.91458374313905,
Question 18:,stim/Au_txt_00042.jpg,"The AI system has determined that the above image is not authentic.
Do you accept or deny this claim?",stim/feature_based_Au_txt_00042.jpg.png,,,,,,,,,,,,,0,17,17,17,,,,,,,,,,,,,,,,,"Tuesday, July 26, 2022 10:12:34",,,,,,,,,,,,,,,,,,,,,,,,,,,,"Tuesday, July 26, 2022 10:12:59",,,,,,,,,,,,,,,,,,,,,,,,,,,,,,,,,,,,,,,,,,,,,,,,,,,,,,,,,,,,,,,,,,,,,,,,,,,,,,,,,,2965.3022783000006,2975.3168947000004,2975.3168947000004,None,1.0,22.73718110000027,2975.3168947000004,None,3.0,23.48515580000003,2975.3168947000004,None,2975.3168947000004,None,2.0,25.008647399999973,2975.3168947000004,None,2990.3424300000006,None,,,,,,,,,,,,,,,,,,,,,,,,,,,,,,,,,,,,,,,,,,,,,,,,,,,001,001,2022-07-26_09h26.11.500,CSVTrial,2022.1.3,60.91458374313905,
,,,,,,,,,,,,,,,,,,,,,,,,,,,,,,,,,,,,,,,,,,,,,,,,,,,,,,,,,,,,,,,,,3.0,4.0,4.0,4.0,4.0,4.0,4.0,4.0,4.0,4.0,4.0,3.0,,,,,,,,,,,,,,,,,,,,,,,,,,,,,,,,,,,,,,,,,,,,,,,,,,,,,,,,,,,,,,,,,,,,,,,,,,,,,,,,,,,,,,,,,,2991.4369965000005,None,,,,,,,,,,,,,,,,,,,,,,,,,,,,,,,,,,,,,,,,,,,,,,,,,001,001,2022-07-26_09h26.11.500,CSVTrial,2022.1.3,60.91458374313905,
,,,,,,,,,,,,,,,,,,,,,,,,,,,,,,,,,,,,,,,,,,,,,,,,,,,,,,,,,,,,,,,,,,,,,,,,,,,,,3.0,3.0,3.0,4.0,3.0,3.0,3.0,3.0,4.0,4.0,3.0,,,,,,,,,,,,,,,,,,,,,,,,,,,,,,,,,,,,,,,,,,,,,,,,,,,,,,,,,,,,,,,,,,,,,,,,,,,,,,,,,3069.6998380000005,None,3.0,8.213091800000257,3069.6998380000005,None,"[0.094444446, 0.537963]","[-0.0064814813, -0.43888888]","[1, 1]","[0, 0]","[0, 0]","[8.122838699999193, 12.225845900000422]",['Click_to_Continue_5'],0.011818189999758033,None,,,,,,,,,,,,,,,,,,,,,,,,,,,,,,,,,,001,001,2022-07-26_09h26.11.500,CSVTrial,2022.1.3,60.91458374313905,
,,,,,,,,,,,,,,,,,,,,,,,,,,,,,,,,,,,,"Tuesday, July 26, 2022 10:21:44",,,,,,,,,,,,,,,,,,,,,,,,,,,,"Tuesday, July 26, 2022 10:22:03",4.0,4.0,4.0,4.0,3.0,3.0,4.0,5.0,3.0,4.0,4.0,4.0,,,,,,,,,,,,,,,,,,,,,,,,,,,,,,,,,,,,,,,,,,,,,,,,,,,,,,,,,,,,,,,,,,,,,,,,,,,,,,,,,,,,,,,,,,,,,,,,,,,,,,,,,,,None,None,3516.2184944,3526.2529486000003,3526.228377200001,None,1.0,15.251173099999505,3526.228377200001,None,4.0,16.2825799000002,3526.228377200001,None,3526.228377200001,None,3.0,17.957881599999382,3526.228377200001,None,"[-0.5824074, -0.3564815, 0.5009259, 0.5175926]","[-0.1037037, -0.29814816, -0.20925926, -0.45462963]","[1, 1, 1, 1]","[0, 0, 0, 0]","[0, 0, 0, 0]","[5.087038499999835, 6.161046900000656, 7.885404799999378, 8.694465000000491]",['Click_to_Continue_11'],10.0292779600004,None,3534.2101015000007,None,,,001,001,2022-07-26_09h26.11.500,CSVTrial,2022.1.3,60.91458374313905,
,,,,,,,,,,,,,,,,,,,,,,,,,,,,,,,,,,,,,,,,,,,,,,,,,,,,,,,,,,,,,,,,,,,,,,,,,,,,,3.0,4.0,3.0,4.0,3.0,4.0,4.0,3.0,4.0,4.0,4.0,,,,,,,,,,,,,,,,,,,,,,,,,,,,,,,,,,,,,,,,,,,,,,,,,,,,,,,,,,,,,,,,,,,,,,,,,,,,,,,,,,,,,,,,,,,,,,,,,,,,,,,,,,,,,,,,,,,,,,,,,,,,,,,3595.864540300001,None,,,,,,,
